filename,classname,gender,age
1001.png,face_with_cloth_mask,1,1
1003.png,face_with_surgical_mask,2,1
1004.png,face_with_cloth_mask,1,1
1007.png,face_with_cloth_mask,1,2
1008.png,face_with_cloth_mask,1,1
1010.png,face_with_cloth_mask,2,1
1011.png,face_with_cloth_mask,1,1
1012.png,face_with_cloth_mask,2,1
1013.jpg,face_with_cloth_mask,1,1
1014.png,face_with_surgical_mask,2,2
1016.png,face_with_cloth_mask,1,1
1017.png,face_with_cloth_mask,2,2
1018.png,face_with_cloth_mask,1,2
1019.png,face_with_cloth_mask,1,1
1020.png,face_with_cloth_mask,2,1
1022.png,face_with_cloth_mask,2,2
1023.png,face_with_surgical_mask,2,2
1024.png,face_with_surgical_mask,1,1
1026.jpg,face_with_surgical_mask,1,2
1027.png,face_with_cloth_mask,1,1
1029.png,face_with_surgical_mask,2,1
1030.png,face_with_cloth_mask,2,2
1031.png,face_with_surgical_mask,1,1
1032.png,face_with_cloth_mask,1,1
1033.jpg,face_with_surgical_mask,1,1
1034.png,face_with_cloth_mask,1,1
1036.png,face_with_surgical_mask,2,1
1037.png,face_with_surgical_mask,2,1
1039.png,face_with_cloth_mask,2,2
1040.png,face_with_surgical_mask,1,1
1042.png,face_with_surgical_mask,1,1
1043.png,face_with_cloth_mask,1,2
1045.png,face_with_surgical_mask,1,2
1048.png,face_with_cloth_mask,1,1
1049.png,face_with_cloth_mask,2,1
1051.png,face_with_cloth_mask,2,1
1052.png,face_with_cloth_mask,2,2
1053.png,face_with_surgical_mask,1,2
1054.png,face_with_cloth_mask,2,2
1055.png,face_with_cloth_mask,1,2
1058.png,face_with_surgical_mask,2,2
1061.jpg,face_with_surgical_mask,2,2
1064.png,face_with_cloth_mask,1,1
1065.png,face_with_surgical_mask,1,2
1066.png,face_with_surgical_mask,1,2
1068.png,face_with_surgical_mask,1,1
1070.png,face_with_cloth_mask,2,2
1071.jpg,face_with_cloth_mask,2,1
1074.png,face_with_cloth_mask,1,2
1075.png,face_with_cloth_mask,2,1
1076.png,face_with_surgical_mask,2,2
1079.png,face_with_cloth_mask,1,1
1080.png,face_with_surgical_mask,2,1
1085.png,face_with_surgical_mask,1,1
1086.png,face_with_cloth_mask,1,2
1087.png,face_with_surgical_mask,1,1
1088.jpg,face_with_cloth_mask,1,2
1089.png,face_with_cloth_mask,1,1
1091.png,face_with_cloth_mask,2,1
1093.png,face_with_surgical_mask,2,1
1094.jpg,face_with_surgical_mask,1,1
1095.png,face_with_cloth_mask,1,2
1096.png,face_with_cloth_mask,2,1
1098.png,face_with_cloth_mask,1,1
1101.png,face_with_cloth_mask,1,2
1102.png,face_with_cloth_mask,1,1
1103.png,face_with_cloth_mask,1,2
1104.png,face_with_cloth_mask,2,1
1105.png,face_with_surgical_mask,1,1
1106.png,face_with_cloth_mask,1,1
1107.png,face_with_surgical_mask,1,1
1108.png,face_with_surgical_mask,1,1
1109.png,face_with_surgical_mask,2,1
1110.png,face_with_cloth_mask,2,2
1112.jpeg,face_with_surgical_mask,2,1
1113.png,face_with_cloth_mask,1,1
1116.png,face_with_surgical_mask,2,2
1117.png,face_with_cloth_mask,1,1
1118.png,face_with_cloth_mask,1,1
1120.png,face_with_cloth_mask,1,1
1123.png,face_with_surgical_mask,2,1
1124.png,face_with_cloth_mask,1,1
1125.png,face_with_cloth_mask,1,2
1128.png,face_with_surgical_mask,2,1
1129.png,face_with_surgical_mask,1,1
1131.jpg,face_with_ffp2_mask,2,1
1133.jpg,face_with_ffp2_mask,1,2
1134.png,face_with_cloth_mask,1,2
1135.png,face_with_cloth_mask,1,1
1136.png,face_with_surgical_mask,1,1
1137.png,face_with_cloth_mask,1,1
1138.jpg,face_with_surgical_mask,1,2
1140.png,face_with_surgical_mask,1,1
1141.png,face_with_cloth_mask,1,2
1142.png,face_with_cloth_mask,2,2
1143.png,face_with_cloth_mask,1,2
1144.png,face_with_cloth_mask,1,1
1145.png,face_with_cloth_mask,1,1
1146.png,face_with_surgical_mask,1,2
1147.png,face_with_cloth_mask,1,1
1148.jpg,face_with_surgical_mask,2,2
1149.png,face_with_surgical_mask,1,1
1150.png,face_with_cloth_mask,2,1
1151.png,face_with_surgical_mask,1,1
1153.png,face_with_cloth_mask,1,2
1154.png,face_with_cloth_mask,2,2
1155.png,face_with_surgical_mask,1,1
1157.png,face_with_cloth_mask,2,1
1158.png,face_with_surgical_mask,1,1
1160.jpg,face_with_surgical_mask,1,2
1161.png,face_with_cloth_mask,1,1
1162.png,face_with_surgical_mask,1,1
1163.png,face_with_surgical_mask,2,1
1164.png,face_with_cloth_mask,1,1
1165.png,face_with_surgical_mask,1,2
1167.png,face_with_cloth_mask,2,1
1168.png,face_with_surgical_mask,2,1
1172.png,face_with_surgical_mask,2,2
1173.png,face_with_cloth_mask,1,1
1174.png,face_with_surgical_mask,2,1
1177.png,face_with_cloth_mask,2,1
1179.png,face_with_surgical_mask,2,1
1180.png,face_with_cloth_mask,1,2
1181.png,face_with_cloth_mask,1,1
1183.png,face_with_cloth_mask,2,2
1184.png,face_with_cloth_mask,2,1
1185.png,face_with_cloth_mask,2,1
1186.png,face_with_cloth_mask,1,1
1187.jpg,face_with_surgical_mask,2,2
1188.png,face_with_cloth_mask,2,1
1189.jpg,face_with_cloth_mask,1,1
1190.png,face_with_cloth_mask,1,1
1192.jpg,face_with_surgical_mask,1,1
1193.png,face_with_surgical_mask,1,1
1194.png,face_with_surgical_mask,1,1
1195.png,face_with_surgical_mask,1,2
1196.png,face_with_cloth_mask,2,2
1197.png,face_with_surgical_mask,2,1
1198.png,face_with_surgical_mask,2,1
1199.png,face_with_surgical_mask,1,2
1200.png,face_with_cloth_mask,2,1
1202.png,face_with_surgical_mask,1,2
1203.png,face_with_cloth_mask,1,2
1205.png,face_with_surgical_mask,1,1
1206.png,face_with_cloth_mask,1,1
1207.png,face_with_surgical_mask,1,2
1208.jpg,face_with_cloth_mask,1,1
1211.jpg,face_with_ffp2_mask,1,1
1212.png,face_with_surgical_mask,1,2
1213.png,face_with_cloth_mask,2,1
1214.jpg,face_with_cloth_mask,1,1
1215.jpg,face_with_cloth_mask,1,2
1216.png,face_with_cloth_mask,1,2
1219.jpg,face_with_surgical_mask,1,2
1221.png,face_with_surgical_mask,1,2
1222.png,face_with_cloth_mask,2,1
1223.png,face_with_surgical_mask,1,1
1224.jpg,face_with_surgical_mask,1,1
1225.png,face_with_surgical_mask,2,1
1227.png,face_with_cloth_mask,1,1
1228.png,face_with_cloth_mask,1,1
1229.png,face_with_surgical_mask,2,2
1230.png,face_with_cloth_mask,1,1
1231.png,face_with_cloth_mask,1,1
1232.png,face_with_surgical_mask,2,1
1233.jpg,face_with_surgical_mask,2,1
1235.jpg,face_with_cloth_mask,1,1
1237.png,face_with_cloth_mask,1,1
1238.png,face_with_ffp2_mask,1,1
1240.png,face_with_cloth_mask,2,2
1241.png,face_with_cloth_mask,2,2
1242.png,face_with_cloth_mask,2,1
1244.png,face_with_surgical_mask,1,1
1245.png,face_with_cloth_mask,2,1
1248.png,face_with_cloth_mask,1,1
1249.png,face_with_cloth_mask,2,1
1250.png,face_with_cloth_mask,1,2
1251.png,face_with_surgical_mask,2,2
1252.png,face_with_cloth_mask,1,1
1253.png,face_with_surgical_mask,2,2
1255.png,face_with_cloth_mask,2,1
1256.png,face_with_surgical_mask,1,1
1259.png,face_with_cloth_mask,1,2
1260.png,face_with_cloth_mask,2,2
1261.jpg,face_with_surgical_mask,1,1
1262.png,face_with_cloth_mask,2,2
1263.png,face_with_ffp2_mask,1,2
1264.png,face_with_cloth_mask,1,1
1265.png,face_with_cloth_mask,2,1
1267.png,face_with_surgical_mask,2,2
1268.png,face_with_surgical_mask,2,2
1270.png,face_with_cloth_mask,2,1
1273.png,face_with_surgical_mask,2,1
1274.png,face_with_cloth_mask,2,2
1276.jpg,face_with_surgical_mask,1,1
1278.png,face_with_cloth_mask,2,1
1279.png,face_with_surgical_mask,1,2
1280.png,face_with_cloth_mask,2,1
1281.png,face_with_cloth_mask,2,1
1282.png,face_with_surgical_mask,2,1
1283.png,face_with_surgical_mask,2,2
1284.png,face_with_cloth_mask,1,1
1285.jpeg,face_with_surgical_mask,2,1
1286.png,face_with_surgical_mask,1,1
1287.png,face_with_cloth_mask,1,2
1288.jpg,face_with_surgical_mask,1,2
1290.png,face_with_cloth_mask,1,1
1291.png,face_with_surgical_mask,2,2
1293.jpg,face_with_cloth_mask,2,1
1294.png,face_with_ffp2_mask,2,2
1295.png,face_with_cloth_mask,2,1
1296.png,face_with_surgical_mask,1,1
1298.png,face_with_cloth_mask,1,2
1299.png,face_with_cloth_mask,2,2
1300.png,face_with_surgical_mask,1,1
1301.png,face_with_cloth_mask,2,1
1303.png,face_with_surgical_mask,2,1
1304.jpg,face_with_surgical_mask,1,2
1305.png,face_with_surgical_mask,1,1
1306.png,face_with_cloth_mask,1,2
1307.png,face_with_cloth_mask,1,1
1308.png,face_with_cloth_mask,2,2
1309.png,face_with_surgical_mask,1,1
1310.png,face_with_cloth_mask,1,1
1311.png,face_with_surgical_mask,2,1
1312.png,face_with_cloth_mask,2,1
1315.jpg,face_with_surgical_mask,2,2
1316.png,face_with_surgical_mask,1,1
1317.png,face_with_cloth_mask,1,2
1319.jpg,face_with_surgical_mask,1,2
1320.jpg,face_with_cloth_mask,1,2
1323.png,face_with_ffp2_mask,2,2
1324.png,face_with_surgical_mask,1,2
1325.png,face_with_cloth_mask,1,2
1327.jpeg,face_with_surgical_mask,1,2
1328.png,face_with_cloth_mask,1,1
1329.png,face_with_ffp2_mask,1,2
1330.png,face_with_cloth_mask,1,1
1331.png,face_with_cloth_mask,1,1
1333.png,face_with_cloth_mask,1,2
1334.png,face_with_cloth_mask,1,2
1337.png,face_with_surgical_mask,1,1
1338.png,face_with_ffp2_mask,1,2
1339.png,face_with_cloth_mask,1,1
1340.png,face_with_surgical_mask,2,1
1342.png,face_with_cloth_mask,1,1
1343.png,face_with_cloth_mask,1,1
1344.png,face_with_cloth_mask,2,1
1346.jpg,face_with_cloth_mask,2,2
1349.png,face_with_cloth_mask,2,2
1350.png,face_with_cloth_mask,2,2
1351.png,face_with_surgical_mask,1,2
1352.jpg,face_with_surgical_mask,2,1
1353.png,face_with_surgical_mask,2,2
1354.png,face_with_ffp2_mask,1,2
1357.png,face_with_cloth_mask,1,2
1358.jpg,face_with_surgical_mask,1,2
1359.png,face_with_cloth_mask,1,2
1360.png,face_with_surgical_mask,1,2
1362.png,face_with_cloth_mask,2,1
1363.jpg,face_with_surgical_mask,1,2
1365.png,face_with_surgical_mask,1,1
1366.png,face_with_surgical_mask,1,1
1367.png,face_with_surgical_mask,1,2
1368.jpg,face_with_surgical_mask,2,1
1369.png,face_with_cloth_mask,2,2
1371.png,face_with_cloth_mask,1,1
1373.png,face_with_ffp2_mask,2,2
1374.png,face_with_cloth_mask,2,1
1376.png,face_with_surgical_mask,2,2
1377.jpg,face_with_cloth_mask,2,2
1378.jpg,face_with_surgical_mask,1,1
1380.jpg,face_with_surgical_mask,1,1
1381.png,face_with_surgical_mask,1,1
1383.png,face_with_surgical_mask,1,2
1384.png,face_with_ffp2_mask,2,1
1385.png,face_with_cloth_mask,2,2
1387.png,face_with_cloth_mask,1,2
1388.jpeg,face_with_surgical_mask,1,1
1389.png,face_with_cloth_mask,1,2
1390.png,face_with_cloth_mask,1,1
1393.png,face_with_surgical_mask,1,1
1394.jpg,face_with_cloth_mask,2,2
1396.jpg,face_with_ffp2_mask,2,2
1397.png,face_with_cloth_mask,2,1
1398.png,face_with_cloth_mask,1,1
1400.png,face_with_cloth_mask,1,1
1403.png,face_with_cloth_mask,1,1
1404.jpg,face_with_cloth_mask,2,2
1405.jpeg,face_with_cloth_mask,2,1
1407.png,face_with_ffp2_mask,2,1
1408.png,face_with_ffp2_mask,1,1
1411.jpg,face_with_cloth_mask,1,1
1414.png,face_with_cloth_mask,1,2
1415.jpg,face_with_surgical_mask,1,2
1416.png,face_with_ffp2_mask,1,2
1417.jpg,face_with_cloth_mask,2,1
1419.png,face_with_surgical_mask,1,1
1421.png,face_with_cloth_mask,2,2
1423.png,face_with_cloth_mask,2,1
1426.png,face_with_cloth_mask,1,1
1429.png,face_with_ffp2_mask,2,2
1430.jpg,face_with_surgical_mask,2,1
1433.png,face_with_surgical_mask,2,2
1435.png,face_with_cloth_mask,1,1
1437.png,face_with_surgical_mask,1,2
1439.png,face_with_ffp2_mask,2,2
1440.jpg,face_with_surgical_mask,1,1
1441.png,face_with_surgical_mask,2,2
1442.png,face_with_cloth_mask,2,1
1443.png,face_with_cloth_mask,2,2
1444.png,face_with_cloth_mask,1,2
1446.png,face_with_cloth_mask,1,1
1447.png,face_with_cloth_mask,1,1
1448.png,face_with_surgical_mask,1,2
1449.png,face_with_cloth_mask,2,1
1450.png,face_with_cloth_mask,2,2
1452.png,face_with_cloth_mask,2,2
1454.png,face_with_cloth_mask,1,1
1455.png,face_with_cloth_mask,1,1
1456.png,face_with_surgical_mask,2,2
1457.png,face_with_ffp2_mask,2,2
1459.png,face_with_cloth_mask,1,2
1460.png,face_with_surgical_mask,1,2
1461.png,face_with_surgical_mask,2,1
1462.png,face_with_surgical_mask,2,1
1463.png,face_with_surgical_mask,1,1
1464.jpg,face_with_cloth_mask,1,1
1465.png,face_with_cloth_mask,1,2
1468.jpg,face_with_cloth_mask,2,1
1470.png,face_with_cloth_mask,1,2
1472.png,face_with_cloth_mask,1,1
1475.png,face_with_cloth_mask,1,2
1477.jpg,face_with_surgical_mask,2,2
1478.jpg,face_with_cloth_mask,2,2
1480.png,face_with_cloth_mask,2,1
1481.png,face_with_cloth_mask,1,2
1482.jpg,face_with_surgical_mask,2,2
1483.png,face_with_ffp2_mask,2,2
1484.png,face_with_surgical_mask,1,1
1485.png,face_with_cloth_mask,1,2
1486.png,face_with_surgical_mask,2,2
1491.png,face_with_cloth_mask,1,1
1492.png,face_with_ffp2_mask,2,2
1494.jpg,face_with_surgical_mask,2,1
1495.png,face_with_cloth_mask,2,1
1496.png,face_with_surgical_mask,1,1
1497.png,face_with_cloth_mask,1,2
1499.png,face_with_surgical_mask,2,2
1501.png,face_with_cloth_mask,1,2
1502.jpg,face_with_surgical_mask,1,2
1503.png,face_with_surgical_mask,2,2
1504.png,face_with_cloth_mask,2,1
1505.jpg,face_with_surgical_mask,2,2
1506.png,face_with_ffp2_mask,2,2
1507.png,face_with_cloth_mask,2,2
1508.png,face_with_ffp2_mask,2,1
1510.png,face_with_cloth_mask,2,1
1512.jpg,face_with_cloth_mask,1,1
1513.png,face_with_cloth_mask,2,1
1516.png,face_with_surgical_mask,2,1
1517.png,face_with_cloth_mask,1,1
1518.png,face_with_surgical_mask,2,2
1519.png,face_with_surgical_mask,2,2
1520.png,face_with_cloth_mask,1,1
1521.png,face_with_ffp2_mask,1,2
1522.jpg,face_with_ffp2_mask,2,2
1523.png,face_with_ffp2_mask,2,2
1524.png,face_with_cloth_mask,1,2
1526.png,face_with_cloth_mask,2,2
1527.png,face_with_cloth_mask,2,1
1528.png,face_with_surgical_mask,1,1
1529.png,face_with_surgical_mask,1,1
1531.png,face_with_surgical_mask,2,1
1532.png,face_with_surgical_mask,2,2
1533.png,face_with_surgical_mask,1,2
1535.png,face_with_surgical_mask,2,1
1537.png,face_with_cloth_mask,2,2
1539.png,face_with_cloth_mask,1,2
1540.png,face_with_surgical_mask,1,2
1541.png,face_with_surgical_mask,2,1
1542.png,face_with_cloth_mask,1,2
1543.png,face_with_ffp2_mask,2,1
1547.png,face_with_surgical_mask,1,2
1548.jpg,face_with_surgical_mask,1,1
1549.png,face_with_cloth_mask,1,2
1554.png,face_with_surgical_mask,2,1
1555.png,face_with_surgical_mask,1,2
1556.png,face_with_cloth_mask,2,1
1562.jpg,face_with_surgical_mask,1,1
1564.png,face_with_surgical_mask,2,2
1565.png,face_with_surgical_mask,2,1
1566.png,face_with_surgical_mask,1,2
1568.png,face_with_surgical_mask,2,1
1569.jpg,face_with_surgical_mask,2,2
1570.png,face_with_cloth_mask,1,1
1573.png,face_with_ffp2_mask,2,1
1575.jpg,face_with_surgical_mask,1,1
1576.png,face_with_cloth_mask,1,2
1577.png,face_with_surgical_mask,1,2
1578.png,face_with_surgical_mask,2,1
1581.png,face_with_cloth_mask,1,1
1582.jpeg,face_with_cloth_mask,2,2
1583.png,face_with_cloth_mask,1,1
1585.png,face_with_cloth_mask,1,2
1586.jpeg,face_with_surgical_mask,1,2
1587.png,face_with_surgical_mask,2,1
1589.png,face_with_cloth_mask,1,1
1590.png,face_with_surgical_mask,2,1
1591.png,face_with_cloth_mask,1,2
1593.png,face_with_surgical_mask,2,2
1594.jpg,face_with_cloth_mask,1,2
1595.png,face_with_cloth_mask,2,2
1596.png,face_with_cloth_mask,1,1
1597.png,face_with_surgical_mask,1,1
1598.jpg,face_with_cloth_mask,2,1
1599.png,face_with_surgical_mask,1,1
1603.png,face_with_surgical_mask,1,1
1605.jpg,face_with_surgical_mask,2,1
1606.png,face_with_cloth_mask,1,2
1608.png,face_with_ffp2_mask,2,2
1609.png,face_with_surgical_mask,1,1
1611.png,face_with_cloth_mask,1,1
1614.png,face_with_surgical_mask,2,2
1615.png,face_with_cloth_mask,2,1
1616.png,face_with_cloth_mask,2,2
1617.png,face_with_surgical_mask,2,1
1620.png,face_with_cloth_mask,2,1
1621.png,face_with_surgical_mask,1,1
1622.png,face_with_surgical_mask,2,1
1623.png,face_with_ffp2_mask,2,1
1625.png,face_with_cloth_mask,2,2
1627.png,face_with_cloth_mask,2,1
1628.jpg,face_with_cloth_mask,2,1
1629.png,face_with_surgical_mask,1,2
1631.jpg,face_with_surgical_mask,1,1
1632.png,face_with_surgical_mask,2,2
1633.jpg,face_with_surgical_mask,2,1
1634.png,face_with_surgical_mask,1,2
1635.png,face_with_surgical_mask,1,2
1636.png,face_with_surgical_mask,1,1
1637.png,face_with_cloth_mask,2,1
1639.png,face_with_cloth_mask,1,2
1640.jpg,face_with_surgical_mask,2,2
1641.png,face_with_cloth_mask,1,1
1642.png,face_with_surgical_mask,1,2
1644.jpg,face_with_cloth_mask,1,2
1645.png,face_with_cloth_mask,2,1
1648.png,face_with_cloth_mask,1,2
1649.png,face_with_cloth_mask,2,1
1650.png,face_with_surgical_mask,1,2
1651.png,face_with_surgical_mask,2,1
1652.png,face_with_surgical_mask,1,1
1653.png,face_with_cloth_mask,1,1
1654.jpg,face_with_cloth_mask,2,1
1655.png,face_with_cloth_mask,1,2
1656.png,face_with_cloth_mask,2,2
1658.png,face_with_cloth_mask,1,2
1659.png,face_with_cloth_mask,1,1
1660.png,face_with_cloth_mask,1,1
1662.png,face_with_surgical_mask,2,1
1663.jpg,face_with_cloth_mask,1,2
1664.png,face_with_cloth_mask,2,1
1665.png,face_with_cloth_mask,1,1
1666.png,face_with_cloth_mask,1,2
1667.png,face_with_cloth_mask,2,1
1669.png,face_with_surgical_mask,2,1
1670.png,face_with_surgical_mask,2,2
1671.png,face_with_surgical_mask,2,2
1672.png,face_with_cloth_mask,1,1
1673.png,face_with_cloth_mask,2,1
1674.png,face_with_surgical_mask,2,2
1676.png,face_with_ffp2_mask,2,2
1677.png,face_with_ffp2_mask,1,1
1678.png,face_with_cloth_mask,1,1
1679.jpg,face_with_cloth_mask,1,1
1680.png,face_with_cloth_mask,2,1
1682.png,face_with_surgical_mask,1,2
1684.png,face_with_cloth_mask,2,2
1685.png,face_with_cloth_mask,2,1
1686.png,face_with_surgical_mask,1,1
1688.png,face_with_surgical_mask,1,2
1689.jpg,face_with_cloth_mask,1,1
1690.png,face_with_cloth_mask,2,2
1691.png,face_with_surgical_mask,2,1
1692.png,face_with_ffp2_mask,1,2
1693.jpg,face_with_surgical_mask,2,1
1694.png,face_with_surgical_mask,1,1
1695.png,face_with_cloth_mask,1,1
1698.png,face_with_surgical_mask,2,1
1700.png,face_with_surgical_mask,2,2
1701.png,face_with_cloth_mask,1,2
1702.jpg,face_with_surgical_mask,2,1
1703.png,face_with_cloth_mask,2,1
1705.png,face_with_surgical_mask,2,2
1706.png,face_with_cloth_mask,2,2
1708.png,face_with_cloth_mask,1,1
1710.png,face_with_cloth_mask,2,1
1711.png,face_with_ffp2_mask,2,2
1712.png,face_with_cloth_mask,2,2
1713.png,face_with_cloth_mask,2,1
1715.png,face_with_cloth_mask,2,2
1716.jpg,face_with_surgical_mask,1,1
1717.jpg,face_with_cloth_mask,1,2
1719.png,face_with_cloth_mask,1,1
1720.png,face_with_cloth_mask,1,2
1722.png,face_with_cloth_mask,1,2
1723.png,face_with_surgical_mask,2,1
1724.png,face_with_cloth_mask,1,2
1726.jpg,face_with_surgical_mask,2,2
1727.jpg,face_with_surgical_mask,1,1
1728.png,face_with_surgical_mask,1,2
1732.png,face_with_surgical_mask,2,1
1733.jpeg,face_with_cloth_mask,2,1
1734.png,face_with_surgical_mask,1,2
1735.png,face_with_cloth_mask,2,1
1736.png,face_with_surgical_mask,2,2
1739.jpg,face_with_surgical_mask,2,2
1741.png,face_with_ffp2_mask,2,2
1742.png,face_with_surgical_mask,1,2
1743.png,face_with_surgical_mask,2,1
1745.png,face_with_ffp2_mask,1,1
1746.png,face_with_cloth_mask,1,2
1748.png,face_with_surgical_mask,2,1
1749.png,face_with_cloth_mask,1,1
1750.png,face_with_cloth_mask,2,1
1751.png,face_with_surgical_mask,1,1
1752.png,face_with_cloth_mask,2,2
1754.jpg,face_with_surgical_mask,1,2
1756.png,face_with_cloth_mask,2,2
1757.jpg,face_with_surgical_mask,1,2
1758.png,face_with_cloth_mask,1,1
1759.png,face_with_surgical_mask,2,2
1760.png,face_with_surgical_mask,1,1
1761.png,face_with_cloth_mask,2,2
1762.png,face_with_surgical_mask,1,2
1764.png,face_with_cloth_mask,1,2
1765.png,face_with_ffp2_mask,2,2
1767.png,face_with_cloth_mask,1,1
1768.png,face_with_cloth_mask,1,2
1769.png,face_with_surgical_mask,2,2
1770.png,face_with_surgical_mask,2,2
1771.png,face_with_surgical_mask,1,1
1772.png,face_with_surgical_mask,2,2
1773.png,face_with_cloth_mask,2,2
1775.png,face_with_surgical_mask,1,1
1777.png,face_with_cloth_mask,2,2
1781.png,face_with_ffp2_mask,1,2
1782.png,face_with_cloth_mask,1,1
1784.png,face_with_cloth_mask,1,1
1785.png,face_with_surgical_mask,2,2
1788.png,face_with_cloth_mask,2,2
1790.png,face_with_ffp2_mask,2,2
1791.png,face_with_cloth_mask,2,1
1792.png,face_with_surgical_mask,2,2
1793.png,face_with_surgical_mask,2,1
1794.png,face_with_cloth_mask,2,1
1795.png,face_with_surgical_mask,1,2
1796.jpg,face_with_surgical_mask,2,1
1797.png,face_with_cloth_mask,1,2
1799.png,face_with_ffp2_mask,1,2
1800.png,face_with_surgical_mask,2,2
1801.png,face_with_cloth_mask,2,2
1802.png,face_with_cloth_mask,2,1
1803.png,face_with_surgical_mask,2,1
1804.jpg,face_with_surgical_mask,2,2
1805.png,face_with_surgical_mask,1,1
1806.png,face_with_cloth_mask,1,2
1809.png,face_with_surgical_mask,1,1
1810.png,face_with_surgical_mask,1,1
1812.jpg,face_with_surgical_mask,2,2
1813.jpg,face_with_surgical_mask,2,1
1814.jpg,face_with_cloth_mask,1,1
1815.png,face_with_cloth_mask,2,2
1816.png,face_with_cloth_mask,1,1
1817.png,face_with_cloth_mask,1,2
1818.png,face_with_cloth_mask,2,1
1819.jpg,face_with_ffp2_mask,2,1
1820.png,face_with_cloth_mask,1,1
1821.jpg,face_with_cloth_mask,1,1
1822.jpg,face_with_surgical_mask,1,2
1823.png,face_with_cloth_mask,2,1
1824.png,face_with_cloth_mask,2,1
1825.png,face_with_surgical_mask,2,2
1826.png,face_with_cloth_mask,1,2
1828.png,face_with_cloth_mask,2,2
1829.png,face_with_cloth_mask,1,2
1830.jpg,face_with_surgical_mask,1,2
1831.png,face_with_surgical_mask,2,2
1833.png,face_with_surgical_mask,1,2
1835.jpg,face_with_surgical_mask,1,1
1836.jpg,face_with_ffp2_mask,1,2
1837.png,face_with_surgical_mask,1,2
1838.png,face_with_cloth_mask,1,1
1839.png,face_with_cloth_mask,1,1
1841.jpg,face_with_cloth_mask,1,1
1842.png,face_with_surgical_mask,1,2
1843.png,face_with_cloth_mask,1,1
1844.png,face_with_cloth_mask,2,1
1846.jpg,face_with_surgical_mask,1,2
1847.png,face_with_cloth_mask,1,2
1848.png,face_with_cloth_mask,2,2
1849.png,face_with_surgical_mask,2,2
1851.png,face_with_cloth_mask,2,1
1852.png,face_with_cloth_mask,2,2
1853.png,face_with_cloth_mask,1,2
1856.png,face_with_cloth_mask,1,1
1857.jpg,face_with_surgical_mask,1,2
1858.jpg,face_with_cloth_mask,2,2
1859.png,face_with_cloth_mask,1,2
1861.png,face_with_surgical_mask,2,2
1862.jpg,face_with_surgical_mask,1,2
1863.png,face_with_cloth_mask,2,1
1867.png,face_with_cloth_mask,2,1
1868.png,face_with_surgical_mask,2,2
1872.png,face_with_surgical_mask,1,2
1873.png,face_with_cloth_mask,1,1
1874.png,face_with_surgical_mask,1,1
1875.png,face_with_surgical_mask,2,1
1876.png,face_with_surgical_mask,1,1
1877.png,face_with_surgical_mask,2,2
1878.png,face_with_surgical_mask,1,2
1879.png,face_with_surgical_mask,1,2
1880.png,face_with_surgical_mask,2,1
1881.png,face_with_cloth_mask,1,1
1885.jpg,face_with_cloth_mask,1,1
1887.png,face_with_cloth_mask,2,1
1889.png,face_with_cloth_mask,1,2
1890.png,face_with_surgical_mask,2,2
1891.png,face_with_cloth_mask,2,2
1892.png,face_with_cloth_mask,2,1
1893.png,face_with_cloth_mask,1,1
1894.png,face_with_cloth_mask,1,1
1896.jpg,face_with_surgical_mask,2,2
1897.jpg,face_with_surgical_mask,1,1
1898.png,face_with_cloth_mask,2,1
1899.jpg,face_with_surgical_mask,2,2
1900.png,face_with_surgical_mask,1,1
1901.png,face_with_cloth_mask,2,1
1902.png,face_with_ffp2_mask,2,2
1903.png,face_with_cloth_mask,1,2
1904.png,face_with_surgical_mask,2,2
1905.png,face_with_cloth_mask,2,2
1907.png,face_with_surgical_mask,2,2
1908.png,face_with_cloth_mask,2,1
1909.png,face_with_cloth_mask,1,1
1910.png,face_with_ffp2_mask,2,2
1911.png,face_with_surgical_mask,2,2
1912.png,face_with_surgical_mask,1,1
1913.png,face_with_cloth_mask,2,1
1914.png,face_with_cloth_mask,1,2
1916.jpg,face_with_surgical_mask,1,1
1920.jpg,face_with_cloth_mask,1,2
1921.png,face_with_surgical_mask,1,2
1922.png,face_with_cloth_mask,2,1
1923.png,face_with_cloth_mask,1,2
1924.png,face_with_surgical_mask,1,2
1925.png,face_with_cloth_mask,1,2
1926.png,face_with_cloth_mask,1,1
1927.png,face_with_cloth_mask,1,2
1928.png,face_with_surgical_mask,1,2
1929.jpg,face_with_cloth_mask,2,1
1930.png,face_with_surgical_mask,1,1
1931.png,face_with_cloth_mask,2,1
1932.png,face_with_cloth_mask,2,1
1933.png,face_with_surgical_mask,1,1
1935.png,face_with_cloth_mask,2,2
1937.png,face_with_cloth_mask,1,1
1938.png,face_with_cloth_mask,2,1
1939.png,face_with_cloth_mask,1,1
1940.png,face_with_surgical_mask,1,2
1941.png,face_with_cloth_mask,2,1
1942.png,face_with_surgical_mask,1,1
1943.png,face_with_surgical_mask,2,2
1945.png,face_with_cloth_mask,2,1
1946.png,face_with_surgical_mask,2,2
1947.png,face_with_surgical_mask,2,1
1948.png,face_with_surgical_mask,1,2
1949.png,face_with_surgical_mask,1,2
1950.png,face_with_cloth_mask,2,1
1951.png,face_with_surgical_mask,1,2
1952.png,face_with_cloth_mask,2,2
1953.png,face_with_surgical_mask,1,2
1954.png,face_with_cloth_mask,2,1
1957.png,face_with_surgical_mask,2,1
1958.png,face_with_surgical_mask,1,1
1959.png,face_with_surgical_mask,2,1
1960.png,face_with_surgical_mask,2,2
1961.png,face_with_surgical_mask,2,2
1962.png,face_with_cloth_mask,1,1
1963.jpg,face_with_surgical_mask,1,2
1964.png,face_with_cloth_mask,1,1
1966.jpg,face_with_surgical_mask,2,2
1970.png,face_with_surgical_mask,1,1
1971.png,face_with_surgical_mask,1,1
1972.png,face_with_surgical_mask,2,2
1973.png,face_with_cloth_mask,1,2
1974.png,face_with_surgical_mask,1,1
1975.png,face_with_surgical_mask,2,2
1977.png,face_with_cloth_mask,2,2
1978.png,face_with_cloth_mask,1,2
1980.jpg,face_with_cloth_mask,2,1
1981.png,face_with_ffp2_mask,2,2
1982.png,face_with_surgical_mask,2,2
1983.jpg,face_with_surgical_mask,2,1
1984.png,face_with_cloth_mask,1,1
1986.png,face_with_surgical_mask,2,2
1987.png,face_with_surgical_mask,1,1
1988.png,face_with_cloth_mask,1,1
1989.png,face_with_cloth_mask,1,2
1990.png,face_with_cloth_mask,2,2
1991.jpg,face_with_cloth_mask,1,2
1992.png,face_with_cloth_mask,1,1
1993.png,face_with_cloth_mask,1,1
1994.jpg,face_with_cloth_mask,2,1
1995.png,face_with_cloth_mask,1,2
1996.png,face_with_cloth_mask,2,1
2000.png,face_with_cloth_mask,2,1
2002.png,face_with_cloth_mask,2,2
2003.png,face_with_surgical_mask,2,2
2004.jpg,face_with_surgical_mask,1,1
2005.png,face_with_cloth_mask,2,2
2007.jpg,face_with_surgical_mask,1,1
2009.png,face_with_cloth_mask,1,1
2012.png,face_with_cloth_mask,1,1
2013.png,face_with_surgical_mask,2,2
2014.jpg,face_with_surgical_mask,2,2
2015.png,face_with_cloth_mask,1,2
2017.png,face_with_cloth_mask,2,1
2018.png,face_with_surgical_mask,1,2
2020.png,face_with_surgical_mask,1,2
2021.png,face_with_surgical_mask,1,1
2022.png,face_with_surgical_mask,2,2
2023.png,face_with_cloth_mask,1,2
2024.png,face_with_surgical_mask,2,1
2025.png,face_with_surgical_mask,1,1
2026.png,face_with_surgical_mask,2,1
2027.png,face_with_surgical_mask,2,1
2028.png,face_with_cloth_mask,2,2
2030.png,face_with_cloth_mask,1,1
2031.png,face_with_cloth_mask,1,1
2033.png,face_with_surgical_mask,1,2
2034.png,face_with_surgical_mask,1,1
2035.png,face_with_surgical_mask,2,2
2037.jpg,face_with_surgical_mask,1,2
2039.png,face_with_surgical_mask,2,2
2042.png,face_with_surgical_mask,2,2
2043.png,face_with_surgical_mask,1,1
2045.jpg,face_with_surgical_mask,1,1
2046.png,face_with_surgical_mask,1,2
2047.png,face_with_surgical_mask,2,1
2048.png,face_with_surgical_mask,2,2
2049.png,face_with_surgical_mask,1,1
2051.png,face_with_surgical_mask,1,2
2054.png,face_with_surgical_mask,2,1
2055.png,face_with_surgical_mask,1,2
2056.png,face_with_surgical_mask,1,2
2059.jpg,face_with_surgical_mask,1,1
2063.png,face_with_surgical_mask,1,2
2064.png,face_with_surgical_mask,2,2
2065.png,face_with_surgical_mask,2,1
2066.png,face_with_surgical_mask,2,2
2067.jpg,face_with_surgical_mask,2,2
2069.png,face_with_surgical_mask,1,1
2070.png,face_with_ffp2_mask,1,2
2071.png,face_with_surgical_mask,2,1
2072.png,face_with_surgical_mask,2,1
2073.png,face_with_surgical_mask,2,1
2074.png,face_with_surgical_mask,2,2
2076.jpg,face_with_surgical_mask,1,1
2077.png,face_with_surgical_mask,2,2
2080.png,face_with_surgical_mask,2,1
2082.png,face_with_surgical_mask,1,1
2085.png,face_with_surgical_mask,2,1
2087.png,face_with_surgical_mask,1,1
2089.png,face_with_surgical_mask,2,1
2090.png,face_with_surgical_mask,2,2
2092.jpg,face_with_surgical_mask,2,2
2093.png,face_with_ffp2_mask,2,2
2094.jpg,face_with_ffp2_mask,1,2
2095.png,face_with_cloth_mask,2,1
2096.png,face_with_surgical_mask,1,2
2097.png,face_with_surgical_mask,2,1
2099.png,face_with_surgical_mask,2,1
2100.jpg,face_with_surgical_mask,1,1
2101.png,face_with_surgical_mask,1,1
2102.jpg,face_with_surgical_mask,1,1
2103.png,face_with_surgical_mask,2,1
2104.jpg,face_with_ffp2_mask,2,1
2105.png,face_with_surgical_mask,1,2
2106.png,face_with_surgical_mask,2,2
2107.jpg,face_with_surgical_mask,1,1
2111.png,face_with_surgical_mask,2,1
2114.png,face_with_surgical_mask,2,1
2116.png,face_with_surgical_mask,2,1
2117.png,face_with_surgical_mask,1,1
2119.jpg,face_with_surgical_mask,2,2
2120.png,face_with_surgical_mask,1,2
2122.jpeg,face_with_surgical_mask,1,2
2124.png,face_with_surgical_mask,2,1
2202.jpg,face_with_surgical_mask,2,2
2203.jpg,face_with_surgical_mask,1,1
2206.jpg,face_with_surgical_mask,1,1
2211.jpg,face_with_cloth_mask,1,1
2213.jpg,face_with_surgical_mask,2,2
2214.jpg,face_with_surgical_mask,2,2
2215.jpg,face_with_surgical_mask,2,1
2216.jpg,face_with_cloth_mask,1,1
2217.jpg,face_with_cloth_mask,1,1
2219.jpg,face_with_surgical_mask,2,2
2220.jpg,face_with_surgical_mask,1,2
2221.jpg,face_with_surgical_mask,2,2
2222.jpg,face_with_surgical_mask,1,1
2223.jpg,face_with_surgical_mask,1,1
2224.jpg,face_with_surgical_mask,2,1
2225.jpg,face_with_surgical_mask,2,1
2226.jpg,face_with_surgical_mask,1,1
2227.jpg,face_with_surgical_mask,2,1
2228.jpg,face_with_surgical_mask,1,1
2229.jpg,face_with_surgical_mask,2,2
2230.jpg,face_with_surgical_mask,1,2
2233.jpg,face_with_surgical_mask,2,1
2234.jpg,face_with_cloth_mask,2,1
2235.jpg,face_with_surgical_mask,2,1
2236.jpg,face_with_cloth_mask,2,1
2237.png,face_with_surgical_mask,2,1
2238.jpg,face_with_surgical_mask,2,2
2239.jpg,face_with_surgical_mask,2,2
2240.jpg,face_with_surgical_mask,2,2
2241.jpg,face_with_surgical_mask,2,1
2242.jpg,face_with_surgical_mask,1,1
2244.jpg,face_with_surgical_mask,1,1
2245.jpg,face_with_surgical_mask,1,2
2247.jpg,face_with_surgical_mask,1,1
2248.jpg,face_with_surgical_mask,1,2
2249.jpg,face_with_cloth_mask,1,1
2250.jpeg,face_with_surgical_mask,1,1
2251.png,face_with_surgical_mask,1,1
2252.jpg,face_with_cloth_mask,1,2
2253.jpg,face_with_surgical_mask,1,2
2254.jpg,face_with_surgical_mask,1,2
2255.jpg,face_with_surgical_mask,1,1
2256.jpg,face_with_surgical_mask,1,1
2257.jpg,face_with_surgical_mask,1,2
2258.png,face_with_surgical_mask,1,1
2259.jpg,face_with_surgical_mask,1,2
2260.jpg,face_with_surgical_mask,1,2
2261.jpg,face_with_cloth_mask,1,1
2262.jpg,face_with_surgical_mask,1,1
2266.jpg,face_with_cloth_mask,2,2
2267.jpg,face_with_surgical_mask,1,2
2268.jpg,face_with_cloth_mask,1,2
2271.jpg,face_with_cloth_mask,2,1
2274.jpg,face_with_surgical_mask,1,1
2275.jpg,face_with_surgical_mask,1,1
2276.jpg,face_with_surgical_mask,1,2
2277.jpg,face_with_surgical_mask,2,1
2278.jpg,face_with_surgical_mask,2,1
2279.jpg,face_with_surgical_mask,1,2
2281.jpg,face_with_surgical_mask,1,2
2283.jpg,face_with_surgical_mask,2,2
2285.jpg,face_with_surgical_mask,1,1
2286.jpg,face_with_surgical_mask,2,2
2287.png,face_with_surgical_mask,2,1
2288.png,face_with_surgical_mask,1,1
2289.png,face_with_surgical_mask,1,1
2291.jpg,face_with_cloth_mask,2,2
2292.jpg,face_with_surgical_mask,1,1
2293.jpg,face_with_surgical_mask,1,2
2295.jpg,face_with_cloth_mask,1,2
2297.jpg,face_with_surgical_mask,1,2
2298.jpg,face_with_surgical_mask,2,1
2299.jpg,face_with_cloth_mask,1,2
2300.jpg,face_with_surgical_mask,2,2
2301.jpg,face_with_surgical_mask,2,2
2303.jpg,face_with_surgical_mask,1,1
2304.jpg,face_with_surgical_mask,1,1
2305.jpg,face_with_cloth_mask,1,1
2306.jpg,face_with_surgical_mask,2,2
2307.jpg,face_with_surgical_mask,1,2
2308.jpg,face_with_surgical_mask,2,1
2309.jpg,face_with_surgical_mask,1,2
2311.jpg,face_with_surgical_mask,1,1
2312.jpg,face_with_surgical_mask,2,2
2313.jpg,face_with_cloth_mask,1,2
2314.jpg,face_with_surgical_mask,1,2
2315.jpg,face_with_cloth_mask,1,2
2316.jpg,face_with_surgical_mask,1,1
2318.jpg,face_with_cloth_mask,2,1
2319.jpg,face_with_surgical_mask,2,1
2320.jpg,face_with_surgical_mask,2,2
2321.jpg,face_with_surgical_mask,2,1
2322.jpg,face_with_surgical_mask,2,1
2323.jpg,face_with_surgical_mask,1,1
2324.jpg,face_with_cloth_mask,1,1
2325.jpg,face_with_surgical_mask,2,2
2326.jpg,face_with_cloth_mask,2,1
2327.jpg,face_with_surgical_mask,2,2
2328.jpg,face_with_surgical_mask,2,2
2329.jpg,face_with_surgical_mask,1,1
2330.jpg,face_with_cloth_mask,1,2
2331.jpg,face_with_surgical_mask,1,2
2332.jpg,face_with_surgical_mask,1,1
2335.jpg,face_with_surgical_mask,2,1
2337.jpg,face_with_cloth_mask,1,1
2338.jpg,face_with_cloth_mask,1,1
2340.jpg,face_with_surgical_mask,2,1
2342.jpg,face_with_surgical_mask,2,1
2343.jpg,face_with_surgical_mask,1,1
2344.jpg,face_with_surgical_mask,1,1
2346.jpg,face_with_cloth_mask,1,1
2347.jpg,face_with_surgical_mask,2,1
2348.jpg,face_with_surgical_mask,2,2
2349.jpg,face_with_surgical_mask,1,2
2350.jpg,face_with_surgical_mask,2,1
2352.jpg,face_with_surgical_mask,1,2
2353.jpg,face_with_surgical_mask,1,2
2355.jpg,face_with_cloth_mask,1,1
2357.jpg,face_with_surgical_mask,1,2
2358.jpg,face_with_surgical_mask,2,2
2359.jpg,face_with_cloth_mask,2,2
2360.jpg,face_with_surgical_mask,1,1
2361.jpeg,face_with_surgical_mask,2,2
2362.jpg,face_with_surgical_mask,1,1
2363.jpg,face_with_surgical_mask,2,1
2365.jpg,face_with_cloth_mask,1,2
2366.jpg,face_with_cloth_mask,2,2
2367.jpg,face_with_cloth_mask,1,2
2368.jpg,face_with_cloth_mask,2,1
2369.jpg,face_with_surgical_mask,2,2
2370.jpg,face_with_surgical_mask,1,2
2371.jpg,face_with_surgical_mask,2,2
2372.jpg,face_with_surgical_mask,1,1
2373.png,face_with_cloth_mask,2,2
2374.png,face_with_surgical_mask,2,1
2375.png,face_with_cloth_mask,1,1
2376.png,face_with_cloth_mask,2,1
2377.png,face_with_cloth_mask,1,1
2378.png,face_with_cloth_mask,2,2
2379.png,face_with_cloth_mask,2,1
2380.png,face_with_cloth_mask,2,2
2381.png,face_with_cloth_mask,1,1
2382.png,face_with_cloth_mask,1,1
2383.png,face_with_surgical_mask,2,1
2384.png,face_with_cloth_mask,2,2
2385.png,face_with_cloth_mask,2,1
2386.png,face_with_cloth_mask,1,1
2387.png,face_with_cloth_mask,2,2
2388.png,face_with_surgical_mask,2,1
2389.png,face_with_cloth_mask,2,1
2390.png,face_with_surgical_mask,1,1
2391.png,face_with_surgical_mask,1,2
2392.png,face_with_surgical_mask,1,2
2393.png,face_with_surgical_mask,1,1
2394.png,face_with_surgical_mask,1,2
2395.png,face_with_surgical_mask,1,2
2396.png,face_with_cloth_mask,2,2
2397.png,face_with_cloth_mask,1,1
2398.png,face_with_cloth_mask,1,1
2399.png,face_with_cloth_mask,2,1
2400.png,face_with_cloth_mask,1,1
2401.png,face_with_cloth_mask,1,1
2402.png,face_with_cloth_mask,1,1
2403.png,face_with_cloth_mask,1,1
2404.png,face_with_surgical_mask,1,2
2405.png,face_with_surgical_mask,1,1
2406.png,face_with_surgical_mask,1,2
2407.png,face_with_surgical_mask,2,2
2408.png,face_with_cloth_mask,1,1
2409.png,face_with_cloth_mask,1,1
2410.png,face_with_surgical_mask,2,1
2411.png,face_with_surgical_mask,2,1
2412.png,face_with_cloth_mask,2,1
2413.png,face_with_surgical_mask,2,2
2414.png,face_with_surgical_mask,2,1
2415.png,face_with_cloth_mask,2,1
2416.png,face_with_cloth_mask,1,2
2417.png,face_with_surgical_mask,1,2
2421.png,face_with_surgical_mask,1,1
2422.png,face_with_cloth_mask,1,1
2423.png,face_with_cloth_mask,1,2
2424.png,face_with_cloth_mask,1,1
2425.png,face_with_surgical_mask,2,2
2426.png,face_with_cloth_mask,1,1
2427.png,face_with_surgical_mask,1,2
2428.png,face_with_surgical_mask,2,2
2429.png,face_with_cloth_mask,2,2
2430.png,face_with_cloth_mask,1,1
2431.png,face_with_cloth_mask,1,2
2432.png,face_with_cloth_mask,2,1
2433.png,face_with_cloth_mask,1,2
2434.png,face_with_cloth_mask,1,1
2436.png,face_with_surgical_mask,2,1
2437.png,face_with_cloth_mask,1,1
2438.png,face_with_surgical_mask,2,1
2440.png,face_with_surgical_mask,2,1
2441.png,face_with_surgical_mask,1,2
2442.png,face_with_surgical_mask,1,1
2443.png,face_with_cloth_mask,1,2
2444.png,face_with_surgical_mask,1,1
2445.png,face_with_cloth_mask,2,2
2446.png,face_with_surgical_mask,2,2
2447.png,face_with_surgical_mask,2,2
2448.png,face_with_cloth_mask,1,2
2453.png,face_with_cloth_mask,1,1
2454.png,face_with_cloth_mask,2,1
2455.png,face_with_cloth_mask,1,1
2456.png,face_with_surgical_mask,2,2
2457.png,face_with_cloth_mask,1,1
2458.png,face_with_cloth_mask,2,1
2459.png,face_with_cloth_mask,1,1
2460.png,face_with_cloth_mask,1,1
2461.png,face_with_surgical_mask,1,1
2462.png,face_with_cloth_mask,2,1
2463.png,face_with_surgical_mask,1,1
2464.png,face_with_surgical_mask,1,1
2465.png,face_with_cloth_mask,2,1
2466.png,face_with_cloth_mask,2,2
2467.png,face_with_cloth_mask,2,1
2468.png,face_with_cloth_mask,2,1
2469.png,face_with_cloth_mask,1,1
2470.png,face_with_surgical_mask,2,1
2471.png,face_with_cloth_mask,1,1
2472.png,face_with_cloth_mask,2,2
2473.png,face_with_cloth_mask,1,2
2474.png,face_with_surgical_mask,1,1
2475.png,face_with_surgical_mask,1,1
2476.png,face_with_surgical_mask,2,1
2477.png,face_with_surgical_mask,2,1
2478.png,face_with_surgical_mask,1,1
2479.png,face_with_surgical_mask,2,1
2480.png,face_with_ffp2_mask,1,1
2481.png,face_with_surgical_mask,1,1
2482.png,face_with_cloth_mask,2,2
2484.png,face_with_surgical_mask,2,1
2485.png,face_with_cloth_mask,1,2
2487.png,face_with_cloth_mask,1,2
2488.png,face_with_cloth_mask,2,1
2489.png,face_with_cloth_mask,1,2
2490.png,face_with_surgical_mask,2,2
2491.png,face_with_surgical_mask,2,2
2492.png,face_with_cloth_mask,1,2
2493.png,face_with_surgical_mask,1,2
2494.png,face_with_surgical_mask,2,2
2495.png,face_with_surgical_mask,1,1
2496.png,face_with_cloth_mask,2,1
2497.png,face_with_cloth_mask,2,1
2498.png,face_with_cloth_mask,1,2
2499.png,face_with_surgical_mask,1,2
2500.png,face_with_cloth_mask,1,2
2502.png,face_with_surgical_mask,2,1
2503.png,face_with_surgical_mask,2,1
2504.png,face_with_cloth_mask,2,2
2505.png,face_with_cloth_mask,1,1
2506.png,face_with_cloth_mask,1,1
2507.png,face_with_cloth_mask,1,1
2508.png,face_with_surgical_mask,1,1
2509.png,face_with_surgical_mask,1,1
2510.png,face_with_surgical_mask,2,2
2511.png,face_with_cloth_mask,2,1
2512.png,face_with_surgical_mask,2,1
2513.png,face_with_cloth_mask,1,1
2514.png,face_with_surgical_mask,2,1
2515.png,face_with_cloth_mask,1,1
2516.png,face_with_cloth_mask,1,1
2517.png,face_with_surgical_mask,1,1
2518.png,face_with_surgical_mask,2,1
2519.png,face_with_cloth_mask,1,1
2522.png,face_with_surgical_mask,2,2
2523.png,face_with_surgical_mask,2,1
2526.png,face_with_cloth_mask,1,2
2527.png,face_with_surgical_mask,2,1
2528.png,face_with_surgical_mask,2,2
2529.png,face_with_surgical_mask,2,2
2531.png,face_with_cloth_mask,1,2
2532.png,face_with_cloth_mask,1,1
2533.png,face_with_cloth_mask,1,1
2534.png,face_with_cloth_mask,1,1
2535.png,face_with_cloth_mask,2,2
2536.png,face_with_surgical_mask,2,1
2537.png,face_with_cloth_mask,2,1
2538.png,face_with_surgical_mask,1,1
2539.png,face_with_cloth_mask,2,2
2540.png,face_with_cloth_mask,1,1
2541.png,face_with_cloth_mask,1,1
2542.png,face_with_surgical_mask,1,1
2543.png,face_with_cloth_mask,2,1
2544.png,face_with_cloth_mask,2,1
2545.png,face_with_surgical_mask,2,2
2546.png,face_with_surgical_mask,1,2
2547.png,face_with_surgical_mask,1,1
2548.png,face_with_surgical_mask,1,2
2549.png,face_with_cloth_mask,2,1
2552.png,face_with_surgical_mask,1,1
2555.png,face_with_cloth_mask,1,1
2556.png,face_with_cloth_mask,2,2
2557.png,face_with_cloth_mask,1,2
2558.png,face_with_cloth_mask,2,2
2559.png,face_with_cloth_mask,1,1
2560.png,face_with_cloth_mask,1,1
2561.png,face_with_surgical_mask,2,2
2562.png,face_with_cloth_mask,2,1
2563.png,face_with_cloth_mask,2,1
2564.png,face_with_surgical_mask,1,1
2565.png,face_with_surgical_mask,1,2
2566.png,face_with_surgical_mask,2,1
2567.png,face_with_cloth_mask,2,1
2568.png,face_with_surgical_mask,1,1
2569.png,face_with_cloth_mask,1,1
2570.png,face_with_cloth_mask,1,1
2571.png,face_with_surgical_mask,1,1
2572.png,face_with_surgical_mask,1,1
2573.png,face_with_surgical_mask,1,1
2574.png,face_with_surgical_mask,2,1
2575.png,face_with_surgical_mask,2,1
2576.png,face_with_cloth_mask,2,1
2577.png,face_with_cloth_mask,1,1
2578.png,face_with_cloth_mask,1,1
2579.png,face_with_cloth_mask,2,1
2581.png,face_with_cloth_mask,1,1
2582.png,face_with_cloth_mask,1,1
2583.png,face_with_surgical_mask,2,2
2584.png,face_with_surgical_mask,1,2
2585.png,face_with_cloth_mask,1,1
2586.png,face_with_surgical_mask,1,1
2587.png,face_with_surgical_mask,1,1
2588.png,face_with_cloth_mask,1,2
2589.png,face_with_surgical_mask,1,2
2590.png,face_with_surgical_mask,1,1
2591.png,face_with_surgical_mask,2,1
2592.png,face_with_surgical_mask,2,1
2593.png,face_with_surgical_mask,2,1
2594.png,face_with_cloth_mask,1,2
2595.png,face_with_cloth_mask,1,1
2596.png,face_with_cloth_mask,1,2
2597.png,face_with_cloth_mask,1,1
2598.png,face_with_cloth_mask,1,1
2599.png,face_with_cloth_mask,1,1
2600.png,face_with_cloth_mask,1,2
2601.png,face_with_surgical_mask,2,2
2602.png,face_with_surgical_mask,2,1
2603.png,face_with_surgical_mask,2,1
2604.png,face_with_surgical_mask,1,1
2605.png,face_with_cloth_mask,2,1
2606.png,face_with_cloth_mask,1,2
2607.png,face_with_cloth_mask,1,2
2608.png,face_with_cloth_mask,1,1
2609.png,face_with_surgical_mask,1,2
2611.png,face_with_surgical_mask,1,1
2613.png,face_with_cloth_mask,1,1
2614.png,face_with_surgical_mask,1,1
2615.png,face_with_cloth_mask,1,2
2616.png,face_with_surgical_mask,2,2
2618.png,face_with_cloth_mask,1,1
2619.png,face_with_cloth_mask,1,1
2620.png,face_with_cloth_mask,2,1
2621.png,face_with_surgical_mask,1,2
2821.jpg,face_no_mask,2,2
2822.png,face_no_mask,1,1
2823.png,face_no_mask,1,1
2824.png,face_no_mask,1,1
2825.png,face_no_mask,1,1
2826.png,face_no_mask,2,2
2827.png,face_no_mask,2,1
2828.png,face_no_mask,1,1
2829.png,face_no_mask,1,1
2830.png,face_no_mask,2,2
2831.png,face_no_mask,1,1
2832.jpg,face_no_mask,2,2
2833.png,face_no_mask,1,1
2834.jpg,face_no_mask,2,2
2835.jpg,face_no_mask,1,1
2836.png,face_no_mask,2,1
2837.png,face_no_mask,1,1
2838.png,face_no_mask,1,1
2839.png,face_no_mask,1,1
2840.png,face_no_mask,2,1
2841.jpg,face_no_mask,2,1
2842.jpg,face_no_mask,2,1
2843.jpg,face_no_mask,2,1
2844.jpg,face_no_mask,1,1
2845.jpg,face_no_mask,2,2
2846.jpg,face_no_mask,2,2
2847.jpg,face_no_mask,1,1
2848.jpg,face_no_mask,1,1
2849.jpg,face_no_mask,1,1
2850.jpg,face_no_mask,1,1
2851.jpg,face_no_mask,1,1
2852.jpg,face_no_mask,1,1
2853.jpg,face_no_mask,1,1
2854.jpg,face_no_mask,1,1
2855.jpg,face_no_mask,2,1
2856.jpg,face_no_mask,1,1
2857.jpg,face_no_mask,1,1
2858.jpg,face_no_mask,1,2
2859.jpg,face_no_mask,2,2
2860.jpg,face_no_mask,1,1
2861.jpg,face_no_mask,2,2
2862.jpg,face_no_mask,1,2
2863.jpg,face_no_mask,1,2
2864.jpg,face_no_mask,2,2
2865.jpg,face_no_mask,1,2
2866.jpeg,face_no_mask,1,1
2867.jpg,face_no_mask,2,1
2868.jpg,face_no_mask,1,2
2869.jpg,face_no_mask,2,1
2870.jpg,face_no_mask,2,1
2871.jpg,face_no_mask,2,1
2872.jpg,face_no_mask,1,2
2873.jpg,face_no_mask,1,1
2874.jpg,face_no_mask,2,1
2875.jpg,face_no_mask,2,1
2876.jpg,face_no_mask,2,2
2877.jpg,face_no_mask,2,2
2878.jpg,face_no_mask,1,2
2879.jpg,face_no_mask,1,2
2880.jpg,face_no_mask,2,1
2881.jpg,face_no_mask,1,1
2882.jpg,face_no_mask,2,1
2883.jpg,face_no_mask,1,1
2884.jpg,face_no_mask,1,2
2885.jpg,face_no_mask,2,2
2886.jpg,face_no_mask,1,1
2887.jpg,face_no_mask,1,1
2888.jpg,face_no_mask,2,1
2889.jpg,face_no_mask,1,2
2890.jpg,face_no_mask,1,2
2891.jpg,face_no_mask,1,2
2892.jpg,face_no_mask,2,2
2893.jpg,face_no_mask,2,2
2894.jpg,face_no_mask,2,2
2895.jpg,face_no_mask,2,1
2896.jpg,face_no_mask,2,1
2897.jpg,face_no_mask,1,1
2898.jpeg,face_no_mask,2,1
2899.jpeg,face_no_mask,2,1
2900.jpeg,face_no_mask,2,1
2901.jpeg,face_no_mask,2,1
2902.jpeg,face_no_mask,2,2
2903.jpg,face_no_mask,2,1
2904.jpg,face_no_mask,2,2
2905.jpg,face_no_mask,1,1
2906.jpg,face_no_mask,2,1
2907.jpg,face_no_mask,1,1
2908.jpg,face_no_mask,2,1
2909.jpg,face_no_mask,2,2
2910.jpg,face_no_mask,1,1
2911.jpg,face_no_mask,1,1
2912.jpg,face_no_mask,1,1
2913.jpg,face_no_mask,2,1
2914.jpg,face_no_mask,2,1
2915.jpg,face_no_mask,1,1
2916.jpg,face_no_mask,1,2
2917.jpeg,face_no_mask,2,1
2918.jpg,face_no_mask,1,2
2919.jpg,face_no_mask,2,1
2920.jpg,face_no_mask,1,1
2921.jpg,face_no_mask,2,1
2922.jpg,face_no_mask,2,1
2923.jpg,face_no_mask,1,1
2924.jpg,face_no_mask,1,1
2925.jpg,face_no_mask,1,1
2926.png,face_no_mask,1,1
2927.jpg,face_no_mask,2,1
2928.jpg,face_no_mask,1,1
2929.jpg,face_no_mask,1,1
2930.jpg,face_no_mask,1,1
2931.jpg,face_no_mask,1,1
2932.jpg,face_no_mask,2,1
2933.jpg,face_no_mask,2,1
2934.jpg,face_no_mask,2,1
2935.jpg,face_no_mask,1,2
2936.jpg,face_no_mask,1,1
2937.jpg,face_no_mask,1,1
2938.jpg,face_no_mask,2,1
2939.jpg,face_no_mask,2,1
2940.jpg,face_no_mask,1,1
2941.jpg,face_no_mask,1,2
2942.jpg,face_no_mask,2,2
2943.jpg,face_no_mask,1,1
2944.jpeg,face_no_mask,2,1
2945.jpg,face_no_mask,1,1
2946.jpg,face_no_mask,2,1
2947.jpg,face_no_mask,2,1
2948.jpg,face_no_mask,1,1
2949.jpg,face_no_mask,2,1
2950.jpg,face_no_mask,2,1
2951.jpg,face_no_mask,2,1
2952.jpg,face_no_mask,2,1
2953.jpg,face_no_mask,1,1
2954.jpg,face_no_mask,1,1
2955.jpg,face_no_mask,1,1
2956.jpg,face_no_mask,1,1
2957.jpg,face_no_mask,2,1
2958.jpg,face_no_mask,2,2
2959.jpg,face_no_mask,2,1
2960.jpg,face_no_mask,2,1
2961.jpg,face_no_mask,2,1
2962.jpg,face_no_mask,1,1
2963.jpg,face_no_mask,2,1
2964.jpg,face_no_mask,1,1
2965.jpg,face_no_mask,2,1
2966.jpg,face_no_mask,2,1
2967.jpg,face_no_mask,2,1
2968.jpeg,face_no_mask,2,1
2969.jpg,face_no_mask,2,1
2970.jpg,face_no_mask,2,1
2971.jpg,face_no_mask,2,1
2972.jpg,face_no_mask,2,1
2973.jpg,face_no_mask,1,2
2974.jpg,face_no_mask,1,2
2975.jpg,face_no_mask,2,1
2976.jpg,face_no_mask,1,1
2977.jpg,face_no_mask,2,2
2978.jpg,face_no_mask,1,1
2979.jpg,face_no_mask,1,1
2980.jpg,face_no_mask,1,2
2981.jpg,face_no_mask,1,2
2982.jpg,face_no_mask,2,1
2983.jpg,face_no_mask,1,1
2984.jpg,face_no_mask,1,1
2985.jpg,face_no_mask,1,2
2986.jpg,face_no_mask,1,1
2987.png,face_no_mask,1,1
2988.jpg,face_no_mask,2,1
2989.jpg,face_no_mask,2,2
2990.jpg,face_no_mask,2,1
2991.jpg,face_no_mask,1,2
2992.jpg,face_no_mask,1,2
2993.jpg,face_no_mask,2,1
2994.jpg,face_no_mask,2,1
2995.jpg,face_no_mask,1,1
2996.jpg,face_no_mask,1,1
2997.jpg,face_no_mask,1,2
2998.jpg,face_no_mask,1,1
2999.jpg,face_no_mask,1,1
3000.jpg,face_no_mask,2,2
3001.jpg,face_no_mask,2,2
3002.jpg,face_no_mask,1,1
3003.jpg,face_no_mask,2,2
3004.jpg,face_no_mask,2,1
3005.jpg,face_no_mask,1,1
3006.jpeg,face_no_mask,1,2
3007.jpg,face_no_mask,1,1
3008.jpg,face_no_mask,2,1
3009.jpg,face_no_mask,2,1
3010.jpg,face_no_mask,2,2
3011.jpg,face_no_mask,2,1
3012.jpg,face_no_mask,1,1
3013.jpg,face_no_mask,2,2
3014.jpg,face_no_mask,2,2
3015.jpg,face_no_mask,1,2
3016.jpg,face_no_mask,2,2
3017.jpg,face_no_mask,1,2
3018.jpg,face_no_mask,1,1
3019.jpg,face_no_mask,1,1
3020.jpg,face_no_mask,2,1
3021.jpg,face_no_mask,2,2
3022.jpg,face_no_mask,1,1
3023.jpg,face_no_mask,2,2
3024.jpg,face_no_mask,1,2
3025.jpg,face_no_mask,2,2
3026.jpg,face_no_mask,2,1
3027.jpg,face_no_mask,1,1
3028.jpg,face_no_mask,2,2
3029.jpg,face_no_mask,2,1
3030.jpg,face_no_mask,2,1
3031.jpg,face_no_mask,2,2
3032.jpg,face_no_mask,2,2
3033.jpg,face_no_mask,1,1
3034.jpg,face_no_mask,2,2
3035.jpg,face_no_mask,2,2
3036.jpg,face_no_mask,1,1
3037.jpg,face_no_mask,1,1
3038.jpg,face_no_mask,2,2
3039.jpg,face_no_mask,1,1
3040.jpg,face_no_mask,1,2
3041.jpg,face_no_mask,2,1
3042.jpg,face_no_mask,2,1
3043.jpg,face_no_mask,1,2
3044.jpg,face_no_mask,2,1
3045.jpg,face_no_mask,1,2
3046.jpg,face_no_mask,2,2
3047.jpg,face_no_mask,1,2
3048.jpg,face_no_mask,1,1
3049.jpg,face_no_mask,1,2
3050.jpg,face_no_mask,2,2
3051.jpg,face_no_mask,1,2
3052.jpg,face_no_mask,2,1
3053.jpg,face_no_mask,2,1
3054.jpg,face_no_mask,2,1
3055.jpg,face_no_mask,1,1
3056.jpg,face_no_mask,2,2
3057.jpg,face_no_mask,2,2
3058.jpg,face_no_mask,2,2
3059.jpg,face_no_mask,1,1
3060.jpg,face_no_mask,2,1
3061.jpg,face_no_mask,1,1
3062.jpg,face_no_mask,2,1
3063.jpeg,face_no_mask,1,1
3064.jpeg,face_no_mask,1,1
3065.jpg,face_no_mask,2,2
3066.jpg,face_no_mask,2,1
3067.jpg,face_no_mask,1,2
3068.jpeg,face_no_mask,1,1
3069.jpg,face_no_mask,1,1
3070.jpg,face_no_mask,2,1
3071.jpg,face_no_mask,1,1
3072.jpg,face_no_mask,2,2
3073.jpg,face_no_mask,2,2
3074.jpg,face_no_mask,1,2
3075.jpg,face_no_mask,2,2
3076.jpg,face_no_mask,2,2
3077.jpg,face_no_mask,1,1
3078.jpg,face_no_mask,1,1
3079.jpg,face_no_mask,1,2
3080.jpg,face_no_mask,1,1
3081.jpg,face_no_mask,1,1
3082.jpg,face_no_mask,1,1
3083.jpg,face_no_mask,2,1
3084.jpg,face_no_mask,2,1
3085.jpg,face_no_mask,2,1
3086.jpg,face_no_mask,2,1
3087.jpg,face_no_mask,1,2
3088.jpg,face_no_mask,2,1
3089.jpg,face_no_mask,2,2
3090.jpg,face_no_mask,1,1
3091.jpg,face_no_mask,1,1
3092.jpg,face_no_mask,2,1
3093.jpg,face_no_mask,2,2
3094.jpg,face_no_mask,2,1
3095.jpg,face_no_mask,1,1
3096.jpg,face_no_mask,1,2
3097.jpg,face_no_mask,1,1
3098.jpg,face_no_mask,2,2
3099.jpg,face_no_mask,2,1
3100.jpg,face_no_mask,1,2
3101.jpg,face_no_mask,2,2
3102.jpg,face_no_mask,2,2
3103.jpg,face_no_mask,1,1
3104.jpg,face_no_mask,1,1
3105.jpg,face_no_mask,1,1
3106.jpg,face_no_mask,2,1
3107.jpg,face_no_mask,2,1
3108.jpg,face_no_mask,1,1
3109.jpg,face_no_mask,2,1
3110.jpg,face_no_mask,2,1
3111.jpg,face_no_mask,2,1
3112.jpg,face_no_mask,1,2
3113.jpg,face_no_mask,1,2
3114.jpg,face_no_mask,1,2
3115.jpg,face_no_mask,1,1
3116.jpg,face_no_mask,2,2
3117.jpg,face_no_mask,1,1
3118.jpg,face_no_mask,1,1
3119.jpg,face_no_mask,2,1
3120.jpg,face_no_mask,2,2
3121.jpg,face_no_mask,1,1
3122.jpg,face_no_mask,1,1
3123.jpg,face_no_mask,1,2
3124.jpg,face_no_mask,1,1
3125.jpg,face_no_mask,1,2
3126.jpg,face_no_mask,1,1
3127.jpg,face_no_mask,1,1
3128.jpg,face_no_mask,1,1
3129.jpg,face_no_mask,1,1
3130.jpg,face_no_mask,1,2
3131.jpg,face_no_mask,1,2
3132.jpg,face_no_mask,2,1
3133.jpg,face_no_mask,2,2
3134.jpg,face_no_mask,1,1
3135.jpg,face_no_mask,2,2
3136.jpg,face_no_mask,2,1
3137.jpg,face_no_mask,1,1
3138.jpg,face_no_mask,1,1
3139.jpg,face_no_mask,1,1
3140.jpg,face_no_mask,2,1
3141.jpg,face_no_mask,2,1
3142.jpg,face_no_mask,2,1
3143.jpg,face_no_mask,2,2
3144.jpg,face_no_mask,1,1
3145.png,face_no_mask,1,2
3146.jpeg,face_no_mask,2,2
3147.jpg,face_no_mask,1,1
3148.jpg,face_no_mask,2,1
3149.jpg,face_no_mask,2,2
3150.jpg,face_no_mask,2,2
3151.jpg,face_no_mask,2,1
3152.jpg,face_no_mask,1,1
3153.jpg,face_no_mask,1,2
3154.jpg,face_no_mask,1,1
3155.jpg,face_no_mask,1,1
3156.jpg,face_no_mask,2,2
3157.jpg,face_no_mask,2,2
3158.jpg,face_no_mask,1,1
3159.jpg,face_no_mask,2,1
3160.jpg,face_no_mask,1,2
3161.jpg,face_no_mask,2,1
3162.jpg,face_no_mask,2,1
3163.jpg,face_no_mask,2,2
3164.jpg,face_no_mask,2,1
3165.jpg,face_no_mask,2,2
3166.jpg,face_no_mask,2,2
3167.jpg,face_no_mask,1,2
3168.jpg,face_no_mask,2,2
3169.jpg,face_no_mask,1,1
3170.jpg,face_no_mask,2,2
3171.jpg,face_no_mask,1,1
3172.jpg,face_no_mask,1,2
3173.jpg,face_no_mask,2,1
3174.jpg,face_no_mask,1,1
3175.jpg,face_no_mask,2,2
3176.png,face_no_mask,1,1
3177.jpg,face_no_mask,2,2
3178.jpg,face_no_mask,1,1
3179.jpg,face_no_mask,2,1
3180.jpg,face_no_mask,2,2
3181.jpg,face_no_mask,2,1
3182.jpg,face_no_mask,1,2
3183.jpg,face_no_mask,1,1
3184.jpg,face_no_mask,2,1
3185.jpg,face_no_mask,2,1
3186.jpg,face_no_mask,2,2
3187.jpg,face_no_mask,2,1
3188.jpg,face_no_mask,2,1
3189.jpg,face_no_mask,1,1
3190.jpg,face_no_mask,1,1
3191.jpg,face_no_mask,2,1
3192.jpg,face_no_mask,2,1
3193.jpg,face_no_mask,1,1
3194.jpg,face_no_mask,1,2
3195.jpg,face_no_mask,2,2
3196.jpg,face_no_mask,2,2
3197.jpg,face_no_mask,2,2
3198.jpg,face_no_mask,1,1
3199.jpg,face_no_mask,2,2
3200.jpg,face_no_mask,2,2
3201.jpg,face_no_mask,2,2
3202.jpg,face_no_mask,1,1
3203.jpg,face_no_mask,1,1
3204.jpg,face_no_mask,1,1
3205.jpg,face_no_mask,2,1
3206.png,face_no_mask,1,2
3207.jpg,face_no_mask,2,1
3208.jpg,face_no_mask,1,1
3209.jpeg,face_no_mask,1,2
3210.jpg,face_no_mask,2,2
3211.jpg,face_no_mask,2,1
3212.jpg,face_no_mask,1,2
3213.jpg,face_no_mask,2,2
3214.jpg,face_no_mask,2,1
3215.jpg,face_no_mask,2,1
3216.jpg,face_no_mask,1,1
3217.jpg,face_no_mask,1,2
3218.png,face_no_mask,1,1
3219.jpg,face_no_mask,2,2
3220.png,face_no_mask,2,2
3221.jpg,face_no_mask,2,2
3222.jpg,face_no_mask,1,1
3223.jpg,face_no_mask,2,2
3224.jpg,face_no_mask,2,2
3225.jpg,face_no_mask,2,2
3226.png,face_no_mask,2,2
3227.jpg,face_no_mask,2,2
3228.png,face_no_mask,2,1
3229.jpg,face_no_mask,2,1
3230.jpg,face_no_mask,1,1
3231.jpg,face_no_mask,2,2
3232.jpg,face_no_mask,1,1
3233.jpg,face_no_mask,2,2
3234.jpg,face_no_mask,2,2
3235.jpg,face_no_mask,2,2
3236.jpg,face_no_mask,1,1
3237.jpg,face_no_mask,2,2
3238.jpg,face_no_mask,1,1
3239.jpg,face_no_mask,2,2
3240.jpg,face_no_mask,2,1
3241.jpg,face_no_mask,2,2
3242.jpg,face_no_mask,2,2
3243.jpg,face_no_mask,1,2
3244.jpg,face_no_mask,2,1
3245.jpg,face_no_mask,2,1
3246.jpg,face_no_mask,2,2
3247.jpg,face_no_mask,1,1
3248.jpg,face_no_mask,1,2
3249.jpg,face_no_mask,1,2
3250.jpg,face_no_mask,2,1
3251.jpg,face_no_mask,2,1
3252.jpg,face_no_mask,1,1
3253.jpg,face_no_mask,1,2
3254.png,face_no_mask,2,1
3255.jpg,face_no_mask,1,2
3256.jpg,face_no_mask,1,2
3257.jpg,face_no_mask,1,2
3258.jpg,face_no_mask,2,2
3259.jpg,face_no_mask,1,2
3260.jpg,face_no_mask,2,2
3261.jpg,face_no_mask,1,1
3262.jpg,face_no_mask,2,1
3263.jpg,face_no_mask,2,1
3264.jpg,face_no_mask,2,2
3265.jpg,face_no_mask,2,2
3266.jpg,face_no_mask,1,2
3267.jpg,face_no_mask,1,1
3268.jpg,face_no_mask,2,2
3269.jpg,face_no_mask,2,2
3270.jpg,face_no_mask,2,1
3271.jpg,face_no_mask,1,2
3272.jpg,face_no_mask,1,1
3273.jpg,face_no_mask,1,1
3274.jpg,face_no_mask,2,1
3275.jpg,face_no_mask,1,1
3276.jpg,face_no_mask,1,1
3277.jpg,face_no_mask,2,2
3278.jpg,face_no_mask,2,1
3279.png,face_no_mask,1,2
3280.jpg,face_no_mask,2,1
3281.jpg,face_no_mask,2,2
3282.jpg,face_no_mask,2,1
3283.jpg,face_no_mask,2,1
3284.jpg,face_no_mask,2,1
3285.jpg,face_no_mask,2,2
3286.jpg,face_no_mask,2,2
3287.jpg,face_no_mask,1,1
3288.jpg,face_no_mask,1,2
3289.jpg,face_no_mask,1,2
3290.jpg,face_no_mask,1,2
3291.jpg,face_no_mask,1,1
3292.jpg,face_no_mask,1,1
3293.jpg,face_no_mask,2,2
3294.jpg,face_no_mask,1,1
3295.jpg,face_no_mask,1,1
3296.jpg,face_no_mask,1,1
3297.jpg,face_no_mask,2,1
3298.jpg,face_no_mask,2,1
3299.jpg,face_no_mask,1,1
3300.jpg,face_no_mask,1,1
3301.jpg,face_no_mask,2,1
3302.jpg,face_no_mask,2,1
3303.jpg,face_no_mask,2,1
3304.jpg,face_no_mask,2,1
3305.jpg,face_no_mask,2,1
3306.jpg,face_no_mask,2,1
3307.jpg,face_no_mask,1,1
3308.jpg,face_no_mask,2,1
3309.jpg,face_no_mask,2,1
3310.jpg,face_no_mask,2,1
3311.jpeg,face_no_mask,1,1
3312.jpg,face_no_mask,2,1
3313.jpg,face_no_mask,2,1
3314.jpg,face_no_mask,2,1
3315.jpg,face_no_mask,2,1
3316.jpg,face_no_mask,1,1
3317.jpg,face_no_mask,2,1
3318.jpg,face_no_mask,2,1
3319.jpg,face_no_mask,2,1
3320.jpg,face_no_mask,1,2
3321.jpg,face_no_mask,1,1
3322.jpg,face_no_mask,2,1
3323.jpg,face_no_mask,2,2
3324.jpg,face_no_mask,1,2
3325.jpg,face_no_mask,2,1
3326.jpg,face_no_mask,1,1
3327.jpg,face_no_mask,2,1
3328.jpg,face_no_mask,2,2
3329.jpg,face_no_mask,2,1
3330.jpg,face_no_mask,2,1
3331.jpg,face_no_mask,1,1
3332.jpg,face_no_mask,2,1
3333.jpg,face_no_mask,2,1
3334.jpg,face_no_mask,2,1
3335.jpg,face_no_mask,1,1
3336.jpg,face_no_mask,1,1
3337.jpg,face_no_mask,2,1
3338.jpeg,face_no_mask,1,1
3339.jpg,face_no_mask,1,1
3340.jpg,face_no_mask,1,1
3341.jpg,face_no_mask,2,1
3342.jpg,face_no_mask,1,1
3343.jpg,face_no_mask,1,1
3344.jpg,face_no_mask,2,1
3345.jpg,face_no_mask,2,1
3346.jpg,face_no_mask,1,1
3347.jpg,face_no_mask,1,1
3348.jpg,face_no_mask,1,1
3349.jpg,face_no_mask,1,1
3350.jpg,face_no_mask,1,1
3351.jpg,face_no_mask,1,2
3352.jpg,face_no_mask,1,1
3353.jpg,face_no_mask,2,2
3354.jpg,face_no_mask,2,2
3355.jpg,face_no_mask,2,1
3356.jpg,face_no_mask,1,1
3357.jpg,face_no_mask,2,1
3358.jpg,face_no_mask,2,2
3359.jpg,face_no_mask,1,1
3360.jpg,face_no_mask,1,2
3361.jpg,face_no_mask,2,1
3362.jpg,face_no_mask,2,1
3363.jpg,face_no_mask,1,1
3364.jpeg,face_no_mask,1,1
3365.jpg,face_no_mask,1,1
3366.jpg,face_no_mask,2,1
3367.jpg,face_no_mask,1,1
3368.jpg,face_no_mask,1,2
3369.jpg,face_no_mask,1,1
3370.jpg,face_no_mask,1,1
3371.jpg,face_no_mask,1,1
3372.jpg,face_no_mask,1,1
3373.jpg,face_no_mask,1,1
3374.jpg,face_no_mask,1,1
3375.jpg,face_no_mask,1,1
3376.jpg,face_no_mask,2,1
3377.jpg,face_no_mask,1,1
3378.jpg,face_no_mask,2,1
3379.jpg,face_no_mask,2,1
3380.jpg,face_no_mask,2,1
3381.jpg,face_no_mask,1,1
3382.jpg,face_no_mask,1,1
3383.jpg,face_no_mask,2,1
3384.jpg,face_no_mask,2,1
3385.jpg,face_no_mask,2,1
3386.jpg,face_no_mask,2,1
3387.jpg,face_no_mask,2,2
3388.jpg,face_no_mask,1,1
3389.jpg,face_no_mask,1,1
3390.jpg,face_no_mask,2,1
3391.jpg,face_no_mask,1,1
3392.jpg,face_no_mask,1,1
3393.jpg,face_no_mask,2,2
3394.jpg,face_no_mask,2,2
3395.jpg,face_no_mask,2,1
3396.jpg,face_no_mask,1,1
3397.jpg,face_no_mask,1,2
3398.jpg,face_no_mask,2,1
3399.jpg,face_no_mask,2,2
3400.jpg,face_no_mask,1,1
3401.jpg,face_no_mask,1,1
3402.jpg,face_no_mask,2,2
3403.jpg,face_no_mask,1,1
3404.jpg,face_no_mask,1,1
3405.jpg,face_no_mask,1,2
3406.jpg,face_no_mask,1,1
3407.jpg,face_no_mask,2,1
3408.jpg,face_no_mask,2,1
3409.jpg,face_no_mask,1,1
3410.jpg,face_no_mask,2,1
3411.jpg,face_no_mask,2,1
3412.jpg,face_no_mask,1,1
3413.jpg,face_no_mask,2,2
3414.jpg,face_no_mask,1,1
3415.jpg,face_no_mask,1,1
3416.jpg,face_no_mask,1,1
3417.jpg,face_no_mask,2,1
3418.jpg,face_no_mask,1,1
3419.jpg,face_no_mask,1,1
3420.jpg,face_no_mask,2,1
3421.jpg,face_no_mask,2,1
3422.jpg,face_no_mask,2,2
3423.jpg,face_no_mask,2,2
3424.jpg,face_no_mask,1,1
3425.jpg,face_no_mask,2,1
3426.jpg,face_no_mask,1,1
3427.jpg,face_no_mask,2,2
3428.jpg,face_no_mask,1,1
3429.jpg,face_no_mask,1,1
3430.jpg,face_no_mask,1,2
3431.jpg,face_no_mask,2,2
3432.jpg,face_no_mask,1,2
3433.jpg,face_no_mask,1,2
3434.jpg,face_no_mask,2,1
3435.jpg,face_no_mask,2,2
3436.jpg,face_no_mask,1,2
3437.jpg,face_no_mask,2,1
3438.jpg,face_no_mask,2,1
3439.jpg,face_no_mask,2,1
3440.jpg,face_no_mask,2,1
3441.jpg,face_no_mask,2,2
3442.jpg,face_no_mask,1,2
3443.jpeg,face_no_mask,2,1
3444.jpg,face_no_mask,1,1
3445.jpg,face_no_mask,2,1
3446.jpg,face_no_mask,1,1
3447.jpg,face_no_mask,1,1
3448.jpg,face_no_mask,1,1
3449.jpg,face_no_mask,1,2
3450.jpg,face_no_mask,2,1
3451.jpg,face_no_mask,1,1
3452.jpg,face_no_mask,1,1
3453.jpg,face_no_mask,1,1
3454.jpg,face_no_mask,2,2
3455.jpg,face_no_mask,1,2
3456.jpg,face_no_mask,1,1
3457.jpg,face_no_mask,1,1
3458.jpg,face_no_mask,1,2
3459.jpg,face_no_mask,2,1
3460.jpg,face_no_mask,2,2
3461.jpg,face_no_mask,2,2
3462.jpg,face_no_mask,1,1
3463.jpg,face_no_mask,2,1
3464.jpg,face_no_mask,2,1
3465.jpg,face_no_mask,2,1
3466.jpg,face_no_mask,1,1
3467.jpg,face_no_mask,1,1
3468.jpg,face_no_mask,1,2
3469.jpg,face_no_mask,2,1
3470.jpg,face_no_mask,2,2
3471.jpg,face_with_ffp2_mask,2,1
3472.jpg,face_with_ffp2_mask,1,2
3473.jpg,face_with_ffp2_mask,2,1
3474.jpg,face_with_ffp2_mask,2,1
3475.jpg,face_with_ffp2_mask,1,1
3476.jpg,face_with_ffp2_mask,1,1
3477.jpeg,face_with_ffp2_mask,2,2
3478.jpg,face_with_ffp2_mask,2,2
3479.jpg,face_with_ffp2_mask,2,1
3480.jpg,face_with_ffp2_mask,2,1
3481.jpg,face_with_ffp2_mask,1,1
3482.jpg,face_with_ffp2_mask,1,1
3483.jpeg,face_with_ffp2_mask,1,2
3484.jpeg,face_with_ffp2_mask,2,2
3485.jpg,face_with_ffp2_mask,2,1
3486.jpg,face_with_ffp2_mask,1,2
3487.jpg,face_with_ffp2_mask,1,1
3488.jpg,face_with_ffp2_mask,1,1
3489.png,face_with_ffp2_mask,1,1
3490.png,face_with_ffp2_mask,2,2
3491.jpg,face_with_ffp2_mask,1,1
3492.jpg,face_with_ffp2_mask,2,2
3493.jpg,face_with_ffp2_mask,1,2
3494.png,face_with_ffp2_mask,2,1
3495.png,face_with_ffp2_mask,2,1
3496.jpg,face_with_ffp2_mask,1,1
3497.jpg,face_with_ffp2_mask,1,1
3498.png,face_with_ffp2_mask,2,2
3499.jpg,face_with_ffp2_mask,1,2
3500.jpg,face_with_ffp2_mask,2,2
3501.jpg,face_with_ffp2_mask,2,1
3502.png,face_with_ffp2_mask,2,2
3503.png,face_with_ffp2_mask,2,2
3504.png,face_with_ffp2_mask,2,1
3505.jpg,face_with_ffp2_mask,2,1
3506.jpg,face_with_ffp2_mask,1,1
3507.jpeg,face_with_ffp2_mask,1,1
3508.jpg,face_with_ffp2_mask,1,1
3509.jpg,face_with_ffp2_mask,2,2
3510.jpg,face_with_ffp2_mask,1,1
3511.png,face_with_ffp2_mask,1,2
3512.png,face_with_ffp2_mask,2,2
3513.png,face_with_ffp2_mask,1,1
3514.jpg,face_with_ffp2_mask,1,1
3515.jpg,face_with_ffp2_mask,2,2
3516.png,face_with_ffp2_mask,2,2
3517.jpg,face_with_ffp2_mask,2,1
3518.jpg,face_with_ffp2_mask,2,2
3519.jpg,face_with_ffp2_mask,2,1
3520.png,face_with_ffp2_mask,2,1
3521.jpg,face_with_ffp2_mask,1,2
3522.jpg,face_with_ffp2_mask,2,1
3523.jpg,face_with_ffp2_mask,2,1
3524.jpg,face_with_ffp2_mask,1,1
3525.jpg,face_with_ffp2_mask,1,1
3526.jpg,face_with_ffp2_mask,2,1
3527.jpg,face_with_ffp2_mask,1,1
3528.png,face_with_ffp2_mask,1,1
3529.png,face_with_ffp2_mask,1,1
3530.jpg,face_with_ffp2_mask,1,1
3531.jpg,face_with_ffp2_mask,2,1
3532.jpg,face_with_ffp2_mask,2,1
3533.png,face_with_ffp2_mask,2,2
3534.png,face_with_ffp2_mask,1,1
3535.jpg,face_with_ffp2_mask,2,1
3536.png,face_with_ffp2_mask,1,1
3537.png,face_with_ffp2_mask,2,2
3538.png,face_with_ffp2_mask,2,2
3539.jpg,face_with_ffp2_mask,2,2
3540.png,face_with_ffp2_mask,1,1
3541.png,face_with_ffp2_mask,2,2
3542.jpg,face_with_ffp2_mask,1,1
3543.jpg,face_with_ffp2_mask,1,2
3544.jpg,face_with_ffp2_mask,2,2
3545.png,face_with_ffp2_mask,1,1
3546.jpg,face_with_ffp2_mask,2,1
3547.jpg,face_with_ffp2_mask,1,1
3548.jpg,face_with_ffp2_mask,2,2
3549.jpg,face_with_ffp2_mask,2,1
3550.jpg,face_with_ffp2_mask,2,1
3551.png,face_with_ffp2_mask,1,1
3552.jpg,face_with_ffp2_mask,1,1
3553.jpg,face_with_ffp2_mask,1,1
3554.jpg,face_with_ffp2_mask,1,2
3555.png,face_with_ffp2_mask,1,2
3556.jpeg,face_with_ffp2_mask,1,1
3557.jpg,face_with_ffp2_mask,1,2
3558.jpg,face_with_ffp2_mask,2,1
3559.jpg,face_with_ffp2_mask,1,1
3560.jpg,face_with_ffp2_mask,1,1
3561.jpg,face_with_ffp2_mask,2,2
3562.jpeg,face_with_ffp2_mask,1,1
3563.png,face_with_ffp2_mask,2,1
3564.png,face_with_ffp2_mask,2,2
3565.jpeg,face_with_ffp2_mask,1,1
3566.png,face_with_ffp2_mask,1,1
3567.jpg,face_with_ffp2_mask,1,1
3568.jpg,face_with_ffp2_mask,1,1
3569.jpg,face_with_ffp2_mask,2,1
3570.jpg,face_with_ffp2_mask,2,1
3571.jpg,face_with_ffp2_mask,1,1
3572.jpg,face_with_ffp2_mask,2,2
3573.jpg,face_with_ffp2_mask,2,1
3574.jpg,face_with_ffp2_mask,2,1
3575.jpg,face_with_ffp2_mask,1,2
3576.jpg,face_with_ffp2_mask,1,1
3577.jpg,face_with_ffp2_mask,1,1
3578.jpg,face_with_ffp2_mask,2,1
3579.jpg,face_with_ffp2_mask,1,1
3580.jpg,face_with_ffp2_mask,1,1
3581.jpg,face_with_ffp2_mask,2,1
3582.jpg,face_with_ffp2_mask,2,1
3583.jpg,face_with_ffp2_mask,1,1
3584.jpg,face_with_ffp2_mask,2,1
3585.jpg,face_with_ffp2_mask,1,1
3586.jpg,face_with_ffp2_mask,1,1
3587.jpg,face_with_ffp2_mask,1,2
3588.png,face_with_ffp2_mask,1,1
3589.jpg,face_with_ffp2_mask,1,1
3590.jpg,face_with_ffp2_mask,1,1
3591.jpg,face_with_ffp2_mask,2,1
3592.jpg,face_with_ffp2_mask,2,1
3593.jpg,face_with_ffp2_mask,1,1
3594.jpg,face_with_ffp2_mask,1,1
3595.jpg,face_with_ffp2_mask,2,1
3596.jpg,face_with_ffp2_mask,1,1
3597.jpg,face_with_ffp2_mask,1,1
3598.jpg,face_with_ffp2_mask,2,1
3599.jpg,face_with_ffp2_mask,2,1
3600.jpg,face_with_ffp2_mask,2,2
3601.png,face_with_ffp2_mask,2,2
3602.jpg,face_with_ffp2_mask,1,1
3603.png,face_with_ffp2_mask,2,1
3604.jpg,face_with_ffp2_mask,1,1
3605.jpg,face_with_ffp2_mask,2,1
3606.png,face_with_ffp2_mask,1,1
3607.jpeg,face_with_ffp2_mask,2,2
3608.jpg,face_with_ffp2_mask,1,1
3609.jpeg,face_with_ffp2_mask,2,1
3610.jpg,face_with_ffp2_mask,2,1
3611.jpg,face_with_ffp2_mask,2,2
3612.jpg,face_with_ffp2_mask,2,2
3613.jpg,face_with_ffp2_mask,2,2
3614.jpg,face_with_ffp2_mask,1,1
3615.png,face_with_ffp2_mask,2,2
3616.jpg,face_with_ffp2_mask,2,1
3617.jpg,face_with_ffp2_mask,2,2
3618.jpg,face_with_ffp2_mask,2,2
3619.jpg,face_with_ffp2_mask,1,1
3620.jpg,face_with_ffp2_mask,1,1
3621.png,face_with_ffp2_mask,1,1
3622.png,face_with_ffp2_mask,1,1
3623.jpg,face_with_ffp2_mask,2,1
3624.png,face_with_ffp2_mask,2,1
3625.png,face_with_ffp2_mask,2,1
3626.jpg,face_with_ffp2_mask,2,1
3627.jpg,face_with_ffp2_mask,1,1
3628.jpg,face_with_ffp2_mask,2,1
3629.png,face_with_ffp2_mask,2,1
3630.jpg,face_with_ffp2_mask,1,1
3631.jpg,face_with_ffp2_mask,2,1
3632.jpg,face_with_ffp2_mask,2,2
3633.jpg,face_with_ffp2_mask,2,1
3634.jpg,face_with_ffp2_mask,2,1
3635.jpg,face_with_ffp2_mask,2,2
3636.jpg,face_with_ffp2_mask,2,1
3637.jpeg,face_with_ffp2_mask,2,1
3638.jpg,face_with_ffp2_mask,1,1
3639.jpg,face_with_ffp2_mask,2,2
3640.png,face_with_ffp2_mask,1,1
3641.jpg,face_with_ffp2_mask,1,1
3642.jpg,face_with_ffp2_mask,2,1
3643.jpg,face_with_ffp2_mask,2,1
3644.jpg,face_with_ffp2_mask,1,1
3645.jpg,face_with_ffp2_mask,2,1
3646.jpg,face_with_ffp2_mask,2,1
3647.jpg,face_with_ffp2_mask,2,2
3648.jpg,face_with_ffp2_mask,1,2
3649.jpg,face_with_ffp2_mask,2,1
3650.jpg,face_with_ffp2_mask,2,1
3651.jpg,face_with_ffp2_mask,2,1
3652.gif,face_with_ffp2_mask,1,1
3653.jpg,face_with_ffp2_mask,1,1
3654.png,face_with_ffp2_mask,2,1
3655.jpg,face_with_ffp2_mask,1,1
3656.jpg,face_with_ffp2_mask,1,1
3657.png,face_with_ffp2_mask,2,1
3658.jpg,face_with_ffp2_mask,1,2
3659.jpg,face_with_ffp2_mask,1,1
3660.jpg,face_with_ffp2_mask,1,1
3661.jpg,face_with_ffp2_mask,2,1
3662.png,face_with_ffp2_mask,2,2
3663.jpg,face_with_ffp2_mask,2,2
3664.jpg,face_with_ffp2_mask,1,1
3665.png,face_with_ffp2_mask,2,1
3666.jpg,face_with_ffp2_mask,2,1
3667.jpg,face_with_ffp2_mask,1,2
3668.jpeg,face_with_ffp2_mask,1,1
3669.png,face_with_ffp2_mask,1,1
3670.jpg,face_with_ffp2_mask,1,1
3671.jpg,face_with_ffp2_mask,2,1
3672.jpg,face_with_ffp2_mask,1,1
3673.png,face_with_ffp2_mask,1,2
3674.jpg,face_with_ffp2_mask,2,1
3675.jpeg,face_with_ffp2_mask,1,2
3676.jpg,face_with_ffp2_mask,2,1
3677.jpg,face_with_ffp2_mask,1,2
3678.jpg,face_with_ffp2_mask,2,1
3679.jpg,face_with_ffp2_mask,1,1
3680.jpg,face_with_ffp2_mask,1,1
3681.jpg,face_with_ffp2_mask,2,1
3682.png,face_with_ffp2_mask,1,1
3683.jpg,face_with_ffp2_mask,1,1
3684.jpg,face_with_ffp2_mask,2,2
3685.jpg,face_with_ffp2_mask,1,2
3686.webp,face_with_ffp2_mask,2,2
3687.png,face_with_ffp2_mask,2,2
3688.jpg,face_with_ffp2_mask,1,1
3689.png,face_with_ffp2_mask,2,1
3690.jpg,face_with_ffp2_mask,2,2
3691.jpg,face_with_ffp2_mask,1,2
3692.jpg,face_with_ffp2_mask,2,1
3693.jpg,face_with_ffp2_mask,2,2
3694.jpg,face_with_ffp2_mask,1,1
3695.jpg,face_with_ffp2_mask,2,2
3696.jpg,face_with_ffp2_mask,2,1
3697.png,face_with_ffp2_mask,1,1
3698.jpg,face_with_ffp2_mask,2,2
3699.png,face_with_ffp2_mask,1,1
3700.jpg,face_with_ffp2_mask,2,1
3701.jpg,face_with_ffp2_mask,2,2
3702.jpg,face_with_ffp2_mask,2,1
3703.jpg,face_with_ffp2_mask,1,1
3704.jpg,face_with_ffp2_mask,1,2
3705.jpg,face_with_ffp2_mask,1,1
3706.jpg,face_with_ffp2_mask,1,1
3707.jpg,face_with_ffp2_mask,1,1
3708.png,face_with_ffp2_mask,1,1
3709.jpg,face_with_ffp2_mask,1,1
3710.jpg,face_with_ffp2_mask,1,1
3711.jpg,face_with_ffp2_mask,1,1
3712.jpg,face_with_ffp2_mask,1,2
3713.jpg,face_with_ffp2_mask,2,1
3714.jpg,face_with_ffp2_mask,2,1
3715.jpg,face_with_ffp2_mask,1,1
3716.jpg,face_with_ffp2_mask,2,1
3717.jpg,face_with_ffp2_mask,2,1
3718.jpg,face_with_ffp2_mask,1,1
3719.jpg,face_with_ffp2_mask,1,1
3720.png,face_with_ffp2_mask,2,2
3721.jpg,face_with_ffp2_mask,2,1
3722.jpg,face_with_ffp2_mask,2,1
3723.jpg,face_with_ffp2_mask,1,1
3724.jpg,face_with_ffp2_mask,2,1
3725.jpg,face_with_ffp2_mask,2,1
3726.png,face_with_ffp2_mask,2,1
3727.jpg,face_with_ffp2_mask,1,1
3728.png,face_with_ffp2_mask,2,1
3729.jpg,face_with_ffp2_mask,1,2
3730.jpg,face_with_ffp2_mask,1,1
3731.jpg,face_with_ffp2_mask,1,1
3732.png,face_with_ffp2_mask,2,1
3733.jpg,face_with_ffp2_mask,2,1
3734.jpg,face_with_ffp2_mask,2,1
3735.png,face_with_ffp2_mask,2,1
3736.jpg,face_with_ffp2_mask,1,1
3737.jpg,face_with_ffp2_mask,1,1
3738.jpg,face_with_ffp2_mask,2,1
3739.jpg,face_with_ffp2_mask,1,2
3740.jpg,face_with_ffp2_mask,1,1
3741.jpg,face_with_ffp2_mask,2,1
3742.jpg,face_with_ffp2_mask,2,1
3743.jpg,face_with_ffp2_mask,1,1
3744.jpg,face_with_ffp2_mask,2,1
3745.jpg,face_with_ffp2_mask,2,1
3746.jpg,face_with_ffp2_mask,2,1
3747.jpg,face_with_ffp2_mask,1,1
3748.jpg,face_with_ffp2_mask,2,1
3749.jpg,face_with_ffp2_mask,1,1
3750.jpg,face_with_ffp2_mask,2,1
3751.jpeg,face_with_ffp2_mask,1,2
3752.jpg,face_with_ffp2_mask,2,1
3753.jpg,face_with_ffp2_mask,2,1
3754.jpg,face_with_ffp2_mask,1,1
3755.jpg,face_with_ffp2_mask,2,1
3756.jpg,face_with_ffp2_mask,1,1
3757.jpg,face_with_ffp2_mask,1,2
3758.jpg,face_with_ffp2_mask,1,1
3759.png,face_with_ffp2_mask,2,1
3760.jpg,face_with_ffp2_mask,2,1
3761.jpg,face_with_ffp2_mask,2,1
3762.jpg,face_with_ffp2_mask,2,1
3763.png,face_with_ffp2_mask,2,1
3764.jpg,face_with_ffp2_mask,1,1
3765.jpg,face_with_ffp2_mask,1,1
3766.jpg,face_with_ffp2_mask,1,1
3767.png,face_with_ffp2_mask,2,1
3768.png,face_with_ffp2_mask,1,1
3769.jpg,face_with_ffp2_mask,2,1
3770.jpg,face_with_ffp2_mask,2,1
3771.jpg,face_with_ffp2_mask,1,1
3772.jpg,face_with_ffp2_mask,1,1
3773.jpg,face_with_ffp2_mask,2,1
3774.jpg,face_with_ffp2_mask,2,1
3775.jpg,face_with_ffp2_mask,2,1
3776.jpg,face_with_ffp2_mask,2,2
3777.jpg,face_with_ffp2_mask,2,1
3778.jpeg,face_with_ffp2_mask,2,2
3779.jpg,face_with_ffp2_mask,2,1
3780.jpg,face_with_ffp2_mask,2,1
3781.jpg,face_with_ffp2_mask,1,1
3782.jpg,face_with_ffp2_mask,1,1
3783.jpg,face_with_ffp2_mask,2,1
3784.jpg,face_with_ffp2_mask,1,1
3785.jpg,face_with_ffp2_mask,2,1
3786.jpg,face_with_ffp2_mask,2,1
3787.png,face_with_ffp2_mask,2,2
3788.png,face_with_ffp2_mask,1,1
3789.jpg,face_with_ffp2_mask,2,1
3790.jpg,face_with_ffp2_mask,2,1
3791.jpg,face_with_ffp2_mask,2,2
3792.jpg,face_with_ffp2_mask,2,1
3793.png,face_with_ffp2_mask,1,1
3794.jpg,face_with_ffp2_mask,2,1
3795.jpg,face_with_ffp2_mask,1,1
3796.jpg,face_with_ffp2_mask,2,2
3797.png,face_with_ffp2_mask,2,1
3798.jpg,face_with_ffp2_mask,1,2
3799.jpg,face_with_ffp2_mask,2,2
3800.jpg,face_with_ffp2_mask,1,1
3801.png,face_with_ffp2_mask,2,1
3802.jpg,face_with_ffp2_mask,1,2
3803.jpg,face_with_ffp2_mask,2,1
3804.png,face_with_ffp2_mask,2,1
3805.jpg,face_with_ffp2_mask,1,2
3806.jpg,face_with_ffp2_mask,2,1
3807.jpg,face_with_ffp2_mask,2,1
3808.jpeg,face_with_ffp2_mask,1,1
3809.jpg,face_with_ffp2_mask,2,1
3810.jpg,face_with_ffp2_mask,1,1
3811.jpg,face_with_ffp2_mask,2,1
3812.jpg,face_with_ffp2_mask,2,1
3813.jpg,face_with_ffp2_mask,1,2
3814.jpg,face_with_ffp2_mask,1,1
3815.jpg,face_with_ffp2_mask,1,1
3816.jpg,face_with_ffp2_mask,2,1
3817.png,face_with_ffp2_mask,1,2
3818.jpg,face_with_ffp2_mask,2,1
3819.jpg,face_with_ffp2_mask,2,1
3820.jpg,face_with_ffp2_mask,2,1
3821.jpg,face_with_ffp2_mask,2,1
3822.jpg,face_with_ffp2_mask,2,1
3823.jpg,face_with_ffp2_mask,2,1
3824.jpg,face_with_ffp2_mask,1,2
3825.png,face_with_ffp2_mask,2,1
3826.jpg,face_with_ffp2_mask,2,1
3827.jpg,face_with_ffp2_mask,1,1
3828.jpeg,face_with_ffp2_mask,1,1
3829.webp,face_with_ffp2_mask,1,1
3830.png,face_with_ffp2_mask,2,2
3831.jpg,face_with_ffp2_mask,2,2
3832.png,face_with_ffp2_mask,2,1
3833.jpg,face_with_ffp2_mask,1,1
3834.png,face_with_ffp2_mask,2,2
3835.jpg,face_with_ffp2_mask,2,1
3836.jpg,face_with_ffp2_mask,1,1
3837.png,face_with_ffp2_mask,1,2
3838.jpg,face_with_ffp2_mask,1,2
3839.png,face_with_ffp2_mask,1,1
3840.jpg,face_with_ffp2_mask,2,2
3841.jpg,face_with_ffp2_mask,2,1
3842.png,face_with_ffp2_mask,2,2
3843.jpg,face_with_ffp2_mask,2,2
3844.png,face_with_ffp2_mask,1,2
3845.jpg,face_with_ffp2_mask,1,1
3846.jpg,face_with_ffp2_mask,2,2
3847.jpg,face_with_ffp2_mask,1,2
3848.jpg,face_with_ffp2_mask,1,2
3849.jpg,face_with_ffp2_mask,2,1
3850.jpg,face_with_ffp2_mask,1,2
3851.jpg,face_with_ffp2_mask,1,1
3852.jpeg,face_with_ffp2_mask,2,1
3853.jpg,face_with_ffp2_mask,1,1
3854.jpg,face_with_ffp2_mask,1,2
3855.jpg,face_with_ffp2_mask,2,2
3856.png,face_with_ffp2_mask,1,2
3857.jpg,face_with_ffp2_mask,2,2
3858.jpg,face_with_ffp2_mask,2,1
3859.jpg,face_with_ffp2_mask,1,2
3860.jpg,face_with_ffp2_mask,1,1
3861.png,face_with_ffp2_mask,2,1
3862.png,face_with_ffp2_mask,1,2
3863.jpg,face_with_ffp2_mask,1,1
3864.jpg,face_with_ffp2_mask,2,1
3865.jpg,face_with_ffp2_mask,2,2
3866.png,face_with_ffp2_mask,1,1
3867.jpg,face_with_ffp2_mask,1,1
3868.png,face_with_ffp2_mask,2,1
3869.jpg,face_with_ffp2_mask,1,1
3870.jpg,face_with_ffp2_mask,2,1
3871.jpg,face_with_ffp2_mask,1,2
3872.jpg,face_with_ffp2_mask,2,1
3873.jpg,face_with_ffp2_mask,2,1
3874.png,face_with_ffp2_mask,2,1
3875.jpg,face_with_ffp2_mask,1,2
3876.jpg,face_with_ffp2_mask,2,2
3877.jpg,face_with_ffp2_mask,2,2
3878.jpg,face_with_ffp2_mask,2,1
3879.jpg,face_with_ffp2_mask,2,1
3880.jpg,face_with_ffp2_mask,1,2
3881.jpg,face_with_ffp2_mask,2,1
3882.png,face_with_ffp2_mask,1,2
3883.png,face_with_ffp2_mask,2,1
3884.jpg,face_with_ffp2_mask,2,1
3885.png,face_with_ffp2_mask,2,2
3886.jpg,face_with_ffp2_mask,1,2
3887.jpg,face_with_ffp2_mask,1,1
3888.jpg,face_with_ffp2_mask,2,2
3889.jpg,face_with_ffp2_mask,2,2
3890.png,face_with_ffp2_mask,2,1
3891.jpg,face_with_ffp2_mask,2,1
3892.jpg,face_with_ffp2_mask,1,2
3893.png,face_with_ffp2_mask,1,1
3894.jpg,face_with_ffp2_mask,2,2
3895.jpg,face_with_ffp2_mask,1,1
3896.jpg,face_with_ffp2_mask,2,1
3897.jpg,face_with_ffp2_mask,2,2
3898.jpg,face_with_ffp2_mask,2,2
3899.jpg,face_with_ffp2_mask,2,2
3900.png,face_with_ffp2_mask,2,1
3901.jpg,face_with_ffp2_mask,1,1
3902.jpg,face_with_ffp2_mask,1,1
3903.jpg,face_with_ffp2_mask,1,1
3904.png,face_with_ffp2_mask,2,2
3905.jpg,face_with_ffp2_mask,2,1
3906.jpg,face_with_ffp2_mask,1,1
3907.png,face_with_ffp2_mask,2,1
3908.jpg,face_with_ffp2_mask,1,1
3909.jpg,face_with_ffp2_mask,1,2
3910.jpg,face_with_ffp2_mask,2,1
3911.jpg,face_with_ffp2_mask,1,2
3912.jpg,face_with_ffp2_mask,2,1
3913.jpg,face_with_ffp2_mask,2,1
3914.jpg,face_with_ffp2_mask,1,2
3915.png,face_with_ffp2_mask,1,2
3916.jpg,face_with_ffp2_mask,2,2
3917.jpg,face_with_ffp2_mask,1,2
3918.jpg,face_with_ffp2_mask,2,1
3919.png,face_with_ffp2_mask,1,1
3920.jpg,face_with_ffp2_mask,2,2
3921.jpg,face_with_ffp2_mask,1,1
3922.jpg,face_with_ffp2_mask,1,1
3923.jpg,face_with_ffp2_mask,2,2
3924.jpeg,face_with_ffp2_mask,2,1
3925.jpeg,face_with_ffp2_mask,2,1
3926.png,face_with_ffp2_mask,2,1
3927.jpg,face_with_ffp2_mask,1,2
3928.jpg,face_with_ffp2_mask,1,1
3929.jpg,face_with_ffp2_mask,2,1
3930.jpg,face_with_ffp2_mask,2,1
3931.jpg,face_with_ffp2_mask,1,2
3932.jpg,face_with_ffp2_mask,1,1
3933.jpg,face_with_ffp2_mask,2,1
3934.jpg,face_with_ffp2_mask,1,1
3935.jpg,face_with_ffp2_mask,2,1
3936.jpg,face_with_ffp2_mask,1,2
3937.jpg,face_with_ffp2_mask,1,1
3938.jpg,face_with_ffp2_mask,2,1
3939.png,face_with_ffp2_mask,1,2
3940.jpg,face_with_ffp2_mask,1,1
3941.webp,face_with_ffp2_mask,2,1
3942.jpg,face_with_ffp2_mask,2,1
3943.jpg,face_with_ffp2_mask,1,2
3944.jpg,face_with_ffp2_mask,1,2
3945.jpg,face_with_ffp2_mask,2,1
3946.png,face_with_ffp2_mask,1,1
3947.jpg,face_with_ffp2_mask,2,1
3948.jpeg,face_with_ffp2_mask,2,2
3949.jpg,face_with_ffp2_mask,1,2
3950.png,face_with_ffp2_mask,2,1
3951.jpg,face_with_ffp2_mask,2,2
3952.jpg,face_with_ffp2_mask,1,1
3953.jpg,face_with_ffp2_mask,2,1
3954.png,face_with_ffp2_mask,1,1
3955.jpg,face_with_ffp2_mask,2,1
3956.jpg,face_with_ffp2_mask,2,1
3957.jpg,face_with_ffp2_mask,1,2
3958.jpg,face_with_ffp2_mask,2,1
3959.png,face_with_ffp2_mask,2,1
3960.jpg,face_with_ffp2_mask,2,1
3961.jpg,face_with_ffp2_mask,1,2
3962.jpg,face_with_ffp2_mask,1,2
3963.jpg,face_with_ffp2_mask,1,2
3964.jpg,face_with_ffp2_mask,1,1
3965.jpg,face_with_ffp2_mask,1,1
3966.jpg,face_with_ffp2_mask,1,1
3967.webp,face_with_ffp2_mask,1,2
3968.png,face_with_ffp2_mask,2,1
3969.jpg,face_with_ffp2_mask,1,1
3970.png,face_with_ffp2_mask,1,1
3971.jpg,face_with_ffp2_mask,2,2
3972.jpg,face_with_ffp2_mask,1,1
3973.jpg,face_with_ffp2_mask,2,1
3974.png,face_with_ffp2_mask,1,1
3975.png,face_with_ffp2_mask,2,1
3976.jpg,face_with_ffp2_mask,2,1
3977.jpg,face_with_ffp2_mask,2,1
3978.jpg,face_with_ffp2_mask,2,2
3979.jpg,face_with_ffp2_mask,2,1
3980.jpg,face_with_ffp2_mask,2,2
3981.png,face_with_ffp2_mask,2,1
3982.png,face_with_ffp2_mask,1,1
3983.jpg,face_with_ffp2_mask,1,1
3984.jpg,face_with_ffp2_mask,1,2
3985.jpg,face_with_ffp2_mask,1,2
3986.jpg,face_with_ffp2_mask,1,2
3987.png,face_with_ffp2_mask,2,1
3988.jpg,face_with_ffp2_mask,2,1
3989.png,face_with_ffp2_mask,1,2
3990.jpg,face_with_ffp2_mask,2,2
3991.jpg,face_with_ffp2_mask,1,2
3992.jpg,face_with_ffp2_mask,1,1
3993.jpg,face_with_ffp2_mask,2,1
3994.jpg,face_with_ffp2_mask,2,2
3995.jpg,face_with_ffp2_mask,1,2
3996.png,face_with_ffp2_mask,2,1
3997.jpg,face_with_ffp2_mask,1,2
3998.jpg,face_with_ffp2_mask,2,1
3999.jpg,face_with_ffp2_mask,2,1
4000.jpg,face_with_ffp2_mask,1,2
4001.jpg,face_with_ffp2_mask,1,2
4002.jpg,face_with_ffp2_mask,2,2
4003.jpg,face_with_ffp2_mask,1,2
4004.jpg,face_with_ffp2_mask,1,2
4005.png,face_with_ffp2_mask,2,1
4006.png,face_with_ffp2_mask,2,1
4007.jpg,face_with_ffp2_mask,1,2
4008.jpg,face_with_ffp2_mask,2,1
4009.jpg,face_with_ffp2_mask,1,1
4010.jpg,face_with_ffp2_mask,2,1
4011.png,face_with_ffp2_mask,1,2
4012.jpg,face_with_ffp2_mask,1,1
4013.jpg,face_with_ffp2_mask,1,1
4014.jpg,face_with_ffp2_mask,2,1
4015.jpg,face_with_ffp2_mask,2,2
4016.jpg,face_with_ffp2_mask,2,1
4017.jpg,face_with_ffp2_mask,2,1
4018.jpg,face_with_ffp2_mask,1,1
4019.png,face_with_ffp2_mask,1,1
4020.jpg,face_with_ffp2_mask,2,2
4021.jpg,face_with_ffp2_mask,1,2
4022.jpg,face_with_ffp2_mask,2,1
4023.png,face_with_ffp2_mask,2,1
4024.jpg,face_with_ffp2_mask,1,1
4025.jpg,face_with_ffp2_mask,1,1
4026.jpg,face_with_ffp2_mask,1,1
4027.jpg,face_with_ffp2_mask,2,1
4028.jpg,face_with_ffp2_mask,1,1
4029.png,face_with_ffp2_mask,2,2
4030.jpg,face_with_ffp2_mask,2,2
4031.jpg,face_with_ffp2_mask,2,2
4032.jpg,face_with_ffp2_mask,2,1
4033.jpg,face_with_ffp2_mask,1,1
4034.jpg,face_with_ffp2_mask,1,1
4035.jpg,face_with_ffp2_mask,1,1
4036.jpg,face_with_ffp2_mask,1,2
4037.jpg,face_with_ffp2_mask,1,1
4038.jpg,face_with_ffp2_mask,1,1
4039.jpg,face_with_ffp2_mask,2,1
4040.png,face_with_cloth_mask,2,1
4041.jpg,face_with_cloth_mask,1,2
4042.png,face_with_cloth_mask,1,1
4043.png,face_with_surgical_mask,1,2
4044.png,face_with_surgical_mask,1,1
4045.png,face_with_cloth_mask,2,1
4046.png,face_with_surgical_mask,2,1
4047.jpg,face_with_cloth_mask,2,1
4048.jpg,face_with_surgical_mask,1,1
4049.png,face_with_cloth_mask,2,1
4050.png,face_with_cloth_mask,1,1
4051.png,face_with_ffp2_mask,2,1